This is pdfTeX, Version 3.141592653-2.6-1.40.27 (MiKTeX 25.4) (preloaded format=pdflatex 2025.9.27)  15 JUL 2026 17:34
entering extended mode
 restricted \write18 enabled.
 %&-line parsing enabled.
**./main.tex
(main.tex
LaTeX2e <2025-06-01> patch level 1
L3 programming layer <2025-09-02>
(unipd-thesis-modern.cls
Document Class: unipd-thesis-modern UniPd thesis template
(C:\Users\jacop\AppData\Local\Programs\MiKTeX\tex/latex/base\book.cls
Document Class: book 2025/01/22 v1.4n Standard LaTeX document class
(C:\Users\jacop\AppData\Local\Programs\MiKTeX\tex/latex/base\bk11.clo
File: bk11.clo 2025/01/22 v1.4n Standard LaTeX file (size option)
)
\c@part=\count275
\c@chapter=\count276
\c@section=\count277
\c@subsection=\count278
\c@subsubsection=\count279
\c@paragraph=\count280
\c@subparagraph=\count281
\c@figure=\count282
\c@table=\count283
\abovecaptionskip=\skip49
\belowcaptionskip=\skip50
\bibindent=\dimen148
)
(C:\Users\jacop\AppData\Local\Programs\MiKTeX\tex/latex/geometry\geometry.sty
Package: geometry 2020/01/02 v5.9 Page Geometry

(C:\Users\jacop\AppData\Local\Programs\MiKTeX\tex/latex/graphics\keyval.sty
Package: keyval 2022/05/29 v1.15 key=value parser (DPC)
\KV@toks@=\toks17
)
(C:\Users\jacop\AppData\Local\Programs\MiKTeX\tex/generic/iftex\ifvtex.sty
Package: ifvtex 2019/10/25 v1.7 ifvtex legacy package. Use iftex instead.

(C:\Users\jacop\AppData\Local\Programs\MiKTeX\tex/generic/iftex\iftex.sty
Package: iftex 2024/12/12 v1.0g TeX engine tests
))
\Gm@cnth=\count284
\Gm@cntv=\count285
\c@Gm@tempcnt=\count286
\Gm@bindingoffset=\dimen149
\Gm@wd@mp=\dimen150
\Gm@odd@mp=\dimen151
\Gm@even@mp=\dimen152
\Gm@layoutwidth=\dimen153
\Gm@layoutheight=\dimen154
\Gm@layouthoffset=\dimen155
\Gm@layoutvoffset=\dimen156
\Gm@dimlist=\toks18

(C:\Users\jacop\AppData\Local\Programs\MiKTeX\tex/latex/geometry\geometry.cfg))

(C:\Users\jacop\AppData\Local\Programs\MiKTeX\tex/latex/koma-script\scrextend.s
ty
Package: scrextend 2025/09/09 v3.48 KOMA-Script package (extend other classes w
ith features of KOMA-Script classes)

(C:\Users\jacop\AppData\Local\Programs\MiKTeX\tex/latex/koma-script\scrkbase.st
y
Package: scrkbase 2025/09/09 v3.48 KOMA-Script package (KOMA-Script-dependent b
asics and keyval usage)

(C:\Users\jacop\AppData\Local\Programs\MiKTeX\tex/latex/koma-script\scrbase.sty
Package: scrbase 2025/09/09 v3.48 KOMA-Script package (KOMA-Script-independent 
basics and keyval usage)

(C:\Users\jacop\AppData\Local\Programs\MiKTeX\tex/latex/koma-script\scrlfile.st
y
Package: scrlfile 2025/09/09 v3.48 KOMA-Script package (file load hooks)

(C:\Users\jacop\AppData\Local\Programs\MiKTeX\tex/latex/koma-script\scrlfile-ho
ok.sty
Package: scrlfile-hook 2025/09/09 v3.48 KOMA-Script package (using LaTeX hooks)


(C:\Users\jacop\AppData\Local\Programs\MiKTeX\tex/latex/koma-script\scrlogo.sty
Package: scrlogo 2025/09/09 v3.48 KOMA-Script package (logo)
)))
Applying: [2021/05/01] Usage of raw or classic option list on input line 254.
Already applied: [0000/00/00] Usage of raw or classic option list on input line
 370.
)))
(C:\Users\jacop\AppData\Local\Programs\MiKTeX\tex/latex/titlesec\titlesec.sty
Package: titlesec 2025/01/04 v2.17 Sectioning titles
\ttl@box=\box53
\beforetitleunit=\skip51
\aftertitleunit=\skip52
\ttl@plus=\dimen157
\ttl@minus=\dimen158
\ttl@toksa=\toks19
\titlewidth=\dimen159
\titlewidthlast=\dimen160
\titlewidthfirst=\dimen161
)
(C:\Users\jacop\AppData\Local\Programs\MiKTeX\tex/latex/newpx\newpxtext.sty
Package: newpxtext 2025/06/07 v1.542 LaTeX and unicode LaTeX support for TeXGyr
ePagellaX (Michael Sharpe)

`newpxtext' v1.542, 2025/06/07 Text macros taking advantage of TeXGyre Pagella 
and its extensions (msharpe)
(C:\Users\jacop\AppData\Local\Programs\MiKTeX\tex/latex/base\fontenc.sty
Package: fontenc 2024/12/21 v2.1c Standard LaTeX package
)
(C:\Users\jacop\AppData\Local\Programs\MiKTeX\tex/latex/xcolor\xcolor.sty
Package: xcolor 2024/09/29 v3.02 LaTeX color extensions (UK)

(C:\Users\jacop\AppData\Local\Programs\MiKTeX\tex/latex/graphics-cfg\color.cfg
File: color.cfg 2016/01/02 v1.6 sample color configuration
)
Package xcolor Info: Driver file: pdftex.def on input line 274.

(C:\Users\jacop\AppData\Local\Programs\MiKTeX\tex/latex/graphics-def\pdftex.def
File: pdftex.def 2024/04/13 v1.2c Graphics/color driver for pdftex
)
(C:\Users\jacop\AppData\Local\Programs\MiKTeX\tex/latex/graphics\mathcolor.ltx)
Package xcolor Info: Model `cmy' substituted by `cmy0' on input line 1349.
Package xcolor Info: Model `hsb' substituted by `rgb' on input line 1353.
Package xcolor Info: Model `RGB' extended on input line 1365.
Package xcolor Info: Model `HTML' substituted by `rgb' on input line 1367.
Package xcolor Info: Model `Hsb' substituted by `hsb' on input line 1368.
Package xcolor Info: Model `tHsb' substituted by `hsb' on input line 1369.
Package xcolor Info: Model `HSB' substituted by `hsb' on input line 1370.
Package xcolor Info: Model `Gray' substituted by `gray' on input line 1371.
Package xcolor Info: Model `wave' substituted by `hsb' on input line 1372.
) (C:\Users\jacop\AppData\Local\Programs\MiKTeX\tex/latex/colortbl\colortbl.sty
Package: colortbl 2024/10/29 v1.0k Color table columns (DPC)
(C:\Users\jacop\AppData\Local\Programs\MiKTeX\tex/latex/tools\array.sty
Package: array 2025/06/08 v2.6j Tabular extension package (FMi)
\col@sep=\dimen162
\ar@mcellbox=\box54
\extrarowheight=\dimen163
\NC@list=\toks20
\extratabsurround=\skip53
\backup@length=\skip54
\ar@cellbox=\box55
)
\everycr=\toks21
\minrowclearance=\skip55
\rownum=\count287
)
(C:\Users\jacop\AppData\Local\Programs\MiKTeX\tex/latex/xpatch\xpatch.sty
(C:\Users\jacop\AppData\Local\Programs\MiKTeX\tex/latex/l3kernel\expl3.sty
Package: expl3 2025-09-02 L3 programming layer (loader) 

(C:\Users\jacop\AppData\Local\Programs\MiKTeX\tex/latex/l3backend\l3backend-pdf
tex.def
File: l3backend-pdftex.def 2025-06-09 L3 backend support: PDF output (pdfTeX)
\l__color_backend_stack_int=\count288
))
Package: xpatch 2020/03/25 v0.3a Extending etoolbox patching commands

(C:\Users\jacop\AppData\Local\Programs\MiKTeX\tex/latex/l3packages/xparse\xpars
e.sty
Package: xparse 2024-08-16 L3 Experimental document command parser
)
(C:\Users\jacop\AppData\Local\Programs\MiKTeX\tex/latex/etoolbox\etoolbox.sty
Package: etoolbox 2025/02/11 v2.5l e-TeX tools for LaTeX (JAW)
\etb@tempcnta=\count289
)) (C:\Users\jacop\AppData\Local\Programs\MiKTeX\tex/latex/xkeyval\xkeyval.sty
Package: xkeyval 2022/06/16 v2.9 package option processing (HA)

(C:\Users\jacop\AppData\Local\Programs\MiKTeX\tex/generic/xkeyval\xkeyval.tex
(C:\Users\jacop\AppData\Local\Programs\MiKTeX\tex/generic/xkeyval\xkvutils.tex
\XKV@toks=\toks22
\XKV@tempa@toks=\toks23
)
\XKV@depth=\count290
File: xkeyval.tex 2014/12/03 v2.7a key=value parser (HA)
)) (C:\Users\jacop\AppData\Local\Programs\MiKTeX\tex/latex/base\textcomp.sty
Package: textcomp 2024/04/24 v2.1b Standard LaTeX package
)
(C:\Users\jacop\AppData\Local\Programs\MiKTeX\tex/latex/xstring\xstring.sty
(C:\Users\jacop\AppData\Local\Programs\MiKTeX\tex/generic/xstring\xstring.tex
\xs_counta=\count291
\xs_countb=\count292
)
Package: xstring 2023/08/22 v1.86 String manipulations (CT)
) (C:\Users\jacop\AppData\Local\Programs\MiKTeX\tex/latex/base\ifthen.sty
Package: ifthen 2024/03/16 v1.1e Standard LaTeX ifthen package (DPC)
)
(C:\Users\jacop\AppData\Local\Programs\MiKTeX\tex/latex/carlisle\scalefnt.sty)
LaTeX Font Info:    Setting zplLF sub-encoding to TS1/0 on input line 40.
LaTeX Font Info:    Setting zplTLF sub-encoding to TS1/0 on input line 40.
LaTeX Font Info:    Setting zplOsF sub-encoding to TS1/0 on input line 40.
LaTeX Font Info:    Setting zplTOsF sub-encoding to TS1/0 on input line 40.
\zpl@cnt=\count293

(C:\Users\jacop\AppData\Local\Programs\MiKTeX\tex/latex/fontaxes\fontaxes.sty
Package: fontaxes 2026-01-02 v2.0.2 Font selection axes (deprecated)
Applying: [2024-11-01] Use figureversions if present on input line 74.

(C:\Users\jacop\AppData\Local\Programs\MiKTeX\tex/latex/figureversions\figureve
rsions.sty
Package: figureversions 2025-04-29 v1.0.1 Figure versions
)
Already applied: [0000-00-00] Fall back to v1 on input line 76.
)
\zpl@sixem=\dimen164
\zpl@y=\dimen165
\zpl@x=\dimen166
\zpl@tmpdima=\dimen167
\zpl@tmpdimb=\dimen168
\zpl@tmpdimc=\dimen169
\zpl@tmpdimd=\dimen170
\zpl@tmpdime=\dimen171
\zpl@tmpdimf=\dimen172
\zpl@dimA=\dimen173
\zpl@dimAA=\dimen174
\zpl@dimB=\dimen175
\zpl@dimBB=\dimen176
\zpl@dimC=\dimen177
LaTeX Info: Redefining \oldstylenums on input line 807.
LaTeX Font Info:    Trying to load font information for T1+zplLF on input line 
815.

(C:\Users\jacop\AppData\Local\Programs\MiKTeX\tex/latex/newpx\t1zpllf.fd
File: t1zpllf.fd 2021/05/25 v1.0 font definition file for T1/zpl/lf
)
LaTeX Font Info:    Trying to load font information for T1+zplTLF on input line
 816.

(C:\Users\jacop\AppData\Local\Programs\MiKTeX\tex/latex/newpx\t1zpltlf.fd
File: t1zpltlf.fd 2021/05/25 v1.0 font definition file for T1/zpl/tlf
)
LaTeX Font Info:    Trying to load font information for T1+zplOsF on input line
 817.

(C:\Users\jacop\AppData\Local\Programs\MiKTeX\tex/latex/newpx\t1zplosf.fd
File: t1zplosf.fd 2021/05/25 v1.0 font definition file for T1/zpl/osf
)
LaTeX Font Info:    Trying to load font information for T1+zplTOsF on input lin
e 818.

(C:\Users\jacop\AppData\Local\Programs\MiKTeX\tex/latex/newpx\t1zpltosf.fd
File: t1zpltosf.fd 2021/05/25 v1.0 font definition file for T1/zpl/tosf
))
(C:\Users\jacop\AppData\Local\Programs\MiKTeX\tex/latex/base\fontenc.sty
Package: fontenc 2024/12/21 v2.1c Standard LaTeX package
LaTeX Font Info:    Trying to load font information for T1+minzpl on input line
 116.

(C:\Users\jacop\AppData\Local\Programs\MiKTeX\tex/latex/newpx\t1minzpl.fd
File: t1minzpl.fd 2021/05/25 v1.0 font definition file for T1/minzpl/TLF
)
LaTeX Font Info:    Font shape `T1/minzpl/m/n' will be
(Font)              scaled to size 10.95pt on input line 116.
)
(C:\Users\jacop\AppData\Local\Programs\MiKTeX\tex/latex/amsfonts\amsfonts.sty
Package: amsfonts 2013/01/14 v3.01 Basic AMSFonts support
\@emptytoks=\toks24
\symAMSa=\mathgroup4
\symAMSb=\mathgroup5
LaTeX Font Info:    Redeclaring math symbol \hbar on input line 98.
LaTeX Font Info:    Overwriting math alphabet `\mathfrak' in version `bold'
(Font)                  U/euf/m/n --> U/euf/b/n on input line 106.
)
(C:\Users\jacop\AppData\Local\Programs\MiKTeX\tex/generic/babel\babel.sty
Package: babel 2025/08/03 v25.12 The multilingual framework for LuaLaTeX, pdfLa
TeX and XeLaTeX
\babel@savecnt=\count294
LaTeX Encoding Info:    Redeclaring text command \ij (encoding OT1) on input li
ne 2045.
LaTeX Encoding Info:    Redeclaring text command \IJ (encoding OT1) on input li
ne 2047.
LaTeX Encoding Info:    Redeclaring text command \ij (encoding T1) on input lin
e 2049.
LaTeX Encoding Info:    Redeclaring text command \IJ (encoding T1) on input lin
e 2050.
LaTeX Encoding Info:    Ignoring declaration for text command \ij (encoding ?) 
on input line 2051.
LaTeX Encoding Info:    Ignoring declaration for text command \IJ (encoding ?) 
on input line 2053.
LaTeX Encoding Info:    Ignoring declaration for text command \SS (encoding ?) 
on input line 2078.
\U@D=\dimen178
\l@unhyphenated=\language79

(C:\Users\jacop\AppData\Local\Programs\MiKTeX\tex/generic/babel\txtbabel.def)
\bbl@readstream=\read2
\bbl@dirlevel=\count295

*************************************
* Local config file bblopts.cfg used
*
(C:\Users\jacop\AppData\Local\Programs\MiKTeX\tex/latex/arabi\bblopts.cfg
File: bblopts.cfg 2005/09/08 v0.1 add Arabic and Farsi to "declared" options of
 babel
)
(C:\Users\jacop\AppData\Local\Programs\MiKTeX\tex/latex/babel-english\english.l
df
Language: english 2017/06/06 v3.3r English support from the babel system

(C:\Users\jacop\AppData\Local\Programs\MiKTeX\tex/generic/babel/locale/en\babel
-english.tex
Package babel Info: Importing font and identification data for english
(babel)             from babel-en.ini. Reported on input line 12.
)
Package babel Info: Hyphen rules for 'canadian' set to \l@english
(babel)             (\language0). Reported on input line 102.
Package babel Info: Hyphen rules for 'australian' set to \l@ukenglish
(babel)             (\language73). Reported on input line 105.
Package babel Info: Hyphen rules for 'newzealand' set to \l@ukenglish
(babel)             (\language73). Reported on input line 108.
))
(C:\Users\jacop\AppData\Local\Programs\MiKTeX\tex/generic/colorprofiles\colorpr
ofiles.sty
Package: colorprofiles 2018/11/01 v1.0.1 color profiles for PDF/X and PDF/A sup
port

(C:\Users\jacop\AppData\Local\Programs\MiKTeX\tex/generic/colorprofiles\colorpr
ofiles.tex))
(C:\Users\jacop\AppData\Local\Programs\MiKTeX\tex/latex/pdfx\pdfx.sty
Package: pdfx 2024/06/24 v1.6.5f PDF/X and PDF/A support (CVR/HTH/RRM/PS)
\pdfx@minorversion=\count296
\pdfx@majorversion=\count297

(C:\Users\jacop\AppData\Local\Programs\MiKTeX\tex/generic/iftex\ifluatex.sty
Package: ifluatex 2019/10/25 v1.5 ifluatex legacy package. Use iftex instead.
)
(C:\Users\jacop\AppData\Local\Programs\MiKTeX\tex/generic/iftex\ifpdf.sty
Package: ifpdf 2019/10/25 v3.4 ifpdf legacy package. Use iftex instead.
)
(C:\Users\jacop\AppData\Local\Programs\MiKTeX\tex/generic/iftex\ifxetex.sty
Package: ifxetex 2019/10/25 v0.7 ifxetex legacy package. Use iftex instead.
)
(C:\Users\jacop\AppData\Local\Programs\MiKTeX\tex/latex/everyshi\everyshi.sty
Package: everyshi 2020/11/18 v4.00 EveryShipout Package
){C:/Users/jacop/AppData/Local/MiKTeX/fonts/map/pdftex/pdftex.map}
(C:\Users\jacop\AppData\Local\Programs\MiKTeX\tex/latex/base\inputenc.sty
Package: inputenc 2024/02/08 v1.3d Input encoding file
\inpenc@prehook=\toks25
\inpenc@posthook=\toks26
)
(C:\Users\jacop\AppData\Local\Programs\MiKTeX\tex/latex/pdfx\l8u-penc.def
File: l8u-penc.def 2017/06/23 v0.8 Custom LaTeX file, for UTF8 encoded letters 
and symbols
LaTeX Encoding Info:    Redeclaring text command \textdoubletilde (encoding L8U
) on input line 210.
LaTeX Encoding Info:    Redeclaring text command \texttipaG (encoding L8U) on i
nput line 256.
LaTeX Encoding Info:    Redeclaring text command \texttipam (encoding L8U) on i
nput line 257.
LaTeX Encoding Info:    Redeclaring text command \texttipaM (encoding L8U) on i
nput line 258.
LaTeX Encoding Info:    Redeclaring text command \b (encoding L8U) on input lin
e 278.
LaTeX Encoding Info:    Text composite with undeclared \b in encoding L8U on in
put line 278.
LaTeX Encoding Info:    Redeclaring text command \textacutemacron (encoding L8U
) on input line 323.
LaTeX Encoding Info:    Redeclaring text command \textgravemacron (encoding L8U
) on input line 334.
LaTeX Encoding Info:    Redeclaring text command \textacutemacron (encoding L8U
) on input line 336.

(C:\Users\jacop\AppData\Local\Programs\MiKTeX\tex/latex/pdfx\l8ugrk-penc.def
File: l8ugrk-penc.def 2018/11/28 v0.6 Greek support for UTF8 in XMP metadata
)
(C:\Users\jacop\AppData\Local\Programs\MiKTeX\tex/latex/pdfx\l8umath-penc.def
File: l8umath-penc.def 2017/06/23 v0.6 Custom LaTeX file, for UTF8 encoded math
 symbols
LaTeX Encoding Info:    Redeclaring text command \textmathnormal (encoding L8U)
 on input line 1340.
)
LaTeX Encoding Info:    Redeclaring text command \textbarl (encoding L8U) on in
put line 1014.
LaTeX Encoding Info:    Redeclaring text command \textPUlooptoprevesh (encoding
 L8U) on input line 1032.
LaTeX Encoding Info:    Redeclaring text command \textellipsis (encoding L8U) o
n input line 2514.
LaTeX Encoding Info:    Redeclaring text command \textfractionsolidus (encoding
 L8U) on input line 2529.
LaTeX Encoding Info:    Redeclaring text command \texthinferior (encoding L8U) 
on input line 2618.
LaTeX Encoding Info:    Redeclaring text command \texthslash (encoding L8U) on 
input line 2678.
LaTeX Encoding Info:    Redeclaring text command \texttrademark (encoding L8U) 
on input line 2687.
LaTeX Encoding Info:    Redeclaring text command \textleftarrow (encoding L8U) 
on input line 2780.
LaTeX Encoding Info:    Redeclaring text command \textuparrow (encoding L8U) on
 input line 2781.
LaTeX Encoding Info:    Redeclaring text command \textrightarrow (encoding L8U)
 on input line 2782.
LaTeX Encoding Info:    Redeclaring text command \textdownarrow (encoding L8U) 
on input line 2783.
LaTeX Encoding Info:    Redeclaring text command \textleftrightarrow (encoding 
L8U) on input line 2784.
LaTeX Encoding Info:    Redeclaring text command \textupdownarrow (encoding L8U
) on input line 2785.
LaTeX Encoding Info:    Redeclaring text command \textnwarrow (encoding L8U) on
 input line 2786.
LaTeX Encoding Info:    Redeclaring text command \textnearrow (encoding L8U) on
 input line 2787.
LaTeX Encoding Info:    Redeclaring text command \textsearrow (encoding L8U) on
 input line 2788.
LaTeX Encoding Info:    Redeclaring text command \textswarrow (encoding L8U) on
 input line 2789.
LaTeX Encoding Info:    Redeclaring text command \textnleftarrow (encoding L8U)
 on input line 2790.
LaTeX Encoding Info:    Redeclaring text command \textnrightarrow (encoding L8U
) on input line 2791.
LaTeX Encoding Info:    Redeclaring text command \texttwoheadleftarrow (encodin
g L8U) on input line 2792.
LaTeX Encoding Info:    Redeclaring text command \textntwoheadleftarrow (encodi
ng L8U) on input line 2793.
LaTeX Encoding Info:    Redeclaring text command \texttwoheaduparrow (encoding 
L8U) on input line 2794.
LaTeX Encoding Info:    Redeclaring text command \texttwoheadrightarrow (encodi
ng L8U) on input line 2795.
LaTeX Encoding Info:    Redeclaring text command \textntwoheadrightarrow (encod
ing L8U) on input line 2796.
LaTeX Encoding Info:    Redeclaring text command \texttwoheaddownarrow (encodin
g L8U) on input line 2797.
LaTeX Encoding Info:    Redeclaring text command \textleftarrowtail (encoding L
8U) on input line 2798.
LaTeX Encoding Info:    Redeclaring text command \textrightarrowtail (encoding 
L8U) on input line 2799.
LaTeX Encoding Info:    Redeclaring text command \textmapsto (encoding L8U) on 
input line 2800.
LaTeX Encoding Info:    Redeclaring text command \texthookleftarrow (encoding L
8U) on input line 2801.
LaTeX Encoding Info:    Redeclaring text command \texthookrightarrow (encoding 
L8U) on input line 2802.
LaTeX Encoding Info:    Redeclaring text command \textlooparrowleft (encoding L
8U) on input line 2803.
LaTeX Encoding Info:    Redeclaring text command \textlooparrowright (encoding 
L8U) on input line 2804.
LaTeX Encoding Info:    Redeclaring text command \textnleftrightarrow (encoding
 L8U) on input line 2805.
LaTeX Encoding Info:    Redeclaring text command \textlightning (encoding L8U) 
on input line 2806.
LaTeX Encoding Info:    Redeclaring text command \textdlsh (encoding L8U) on in
put line 2807.
LaTeX Encoding Info:    Redeclaring text command \textcurvearrowleft (encoding 
L8U) on input line 2808.
LaTeX Encoding Info:    Redeclaring text command \textcurvearrowright (encoding
 L8U) on input line 2809.
LaTeX Encoding Info:    Redeclaring text command \textleftharpoonup (encoding L
8U) on input line 2810.
LaTeX Encoding Info:    Redeclaring text command \textleftharpoondown (encoding
 L8U) on input line 2811.
LaTeX Encoding Info:    Redeclaring text command \textupharpoonright (encoding 
L8U) on input line 2812.
LaTeX Encoding Info:    Redeclaring text command \textupharpoonleft (encoding L
8U) on input line 2813.
LaTeX Encoding Info:    Redeclaring text command \textrightharpoonup (encoding 
L8U) on input line 2814.
LaTeX Encoding Info:    Redeclaring text command \textrightharpoondown (encodin
g L8U) on input line 2815.
LaTeX Encoding Info:    Redeclaring text command \textdownharpoonright (encodin
g L8U) on input line 2816.
LaTeX Encoding Info:    Redeclaring text command \textdownharpoonleft (encoding
 L8U) on input line 2817.
LaTeX Encoding Info:    Redeclaring text command \textrightleftarrows (encoding
 L8U) on input line 2818.
LaTeX Encoding Info:    Redeclaring text command \textupdownarrows (encoding L8
U) on input line 2819.
LaTeX Encoding Info:    Redeclaring text command \textleftrightarrows (encoding
 L8U) on input line 2820.
LaTeX Encoding Info:    Redeclaring text command \textleftleftarrows (encoding 
L8U) on input line 2821.
LaTeX Encoding Info:    Redeclaring text command \textupuparrows (encoding L8U)
 on input line 2822.
LaTeX Encoding Info:    Redeclaring text command \textrightrightarrows (encodin
g L8U) on input line 2823.
LaTeX Encoding Info:    Redeclaring text command \textdowndownarrows (encoding 
L8U) on input line 2824.
LaTeX Encoding Info:    Redeclaring text command \textleftrightharpoons (encodi
ng L8U) on input line 2825.
LaTeX Encoding Info:    Redeclaring text command \textrightleftharpoons (encodi
ng L8U) on input line 2826.
LaTeX Encoding Info:    Redeclaring text command \textnLeftarrow (encoding L8U)
 on input line 2827.
LaTeX Encoding Info:    Redeclaring text command \textnLeftrightarrow (encoding
 L8U) on input line 2828.
LaTeX Encoding Info:    Redeclaring text command \textnRightarrow (encoding L8U
) on input line 2829.
LaTeX Encoding Info:    Redeclaring text command \textLeftarrow (encoding L8U) 
on input line 2830.
LaTeX Encoding Info:    Redeclaring text command \textUparrow (encoding L8U) on
 input line 2831.
LaTeX Encoding Info:    Redeclaring text command \textRightarrow (encoding L8U)
 on input line 2832.
LaTeX Encoding Info:    Redeclaring text command \textDownarrow (encoding L8U) 
on input line 2833.
LaTeX Encoding Info:    Redeclaring text command \textLeftrightarrow (encoding 
L8U) on input line 2834.
LaTeX Encoding Info:    Redeclaring text command \textUpdownarrow (encoding L8U
) on input line 2835.
LaTeX Encoding Info:    Redeclaring text command \textNwarrow (encoding L8U) on
 input line 2836.
LaTeX Encoding Info:    Redeclaring text command \textNearrow (encoding L8U) on
 input line 2837.
LaTeX Encoding Info:    Redeclaring text command \textSearrow (encoding L8U) on
 input line 2838.
LaTeX Encoding Info:    Redeclaring text command \textSwarrow (encoding L8U) on
 input line 2839.
LaTeX Encoding Info:    Redeclaring text command \textLleftarrow (encoding L8U)
 on input line 2840.
LaTeX Encoding Info:    Redeclaring text command \textRrightarrow (encoding L8U
) on input line 2841.
LaTeX Encoding Info:    Redeclaring text command \textleftsquigarrow (encoding 
L8U) on input line 2842.
LaTeX Encoding Info:    Redeclaring text command \textrightsquigarrow (encoding
 L8U) on input line 2843.
LaTeX Encoding Info:    Redeclaring text command \textdashleftarrow (encoding L
8U) on input line 2844.
LaTeX Encoding Info:    Redeclaring text command \textdasheduparrow (encoding L
8U) on input line 2845.
LaTeX Encoding Info:    Redeclaring text command \textdashrightarrow (encoding 
L8U) on input line 2846.
LaTeX Encoding Info:    Redeclaring text command \textdasheddownarrow (encoding
 L8U) on input line 2847.
LaTeX Encoding Info:    Redeclaring text command \textpointer (encoding L8U) on
 input line 2848.
LaTeX Encoding Info:    Redeclaring text command \textdownuparrows (encoding L8
U) on input line 2849.
LaTeX Encoding Info:    Redeclaring text command \textleftarrowtriangle (encodi
ng L8U) on input line 2850.
LaTeX Encoding Info:    Redeclaring text command \textrightarrowtriangle (encod
ing L8U) on input line 2851.
LaTeX Encoding Info:    Redeclaring text command \textleftrightarrowtriangle (e
ncoding L8U) on input line 2852.
LaTeX Encoding Info:    Redeclaring text command \textforall (encoding L8U) on 
input line 2859.
LaTeX Encoding Info:    Redeclaring text command \textcomplement (encoding L8U)
 on input line 2860.
LaTeX Encoding Info:    Redeclaring text command \textpartial (encoding L8U) on
 input line 2861.
LaTeX Encoding Info:    Redeclaring text command \textexists (encoding L8U) on 
input line 2862.
LaTeX Encoding Info:    Redeclaring text command \textnexists (encoding L8U) on
 input line 2863.
LaTeX Encoding Info:    Redeclaring text command \textemptyset (encoding L8U) o
n input line 2864.
LaTeX Encoding Info:    Redeclaring text command \texttriangle (encoding L8U) o
n input line 2865.
LaTeX Encoding Info:    Redeclaring text command \textnabla (encoding L8U) on i
nput line 2866.
LaTeX Encoding Info:    Redeclaring text command \textin (encoding L8U) on inpu
t line 2867.
LaTeX Encoding Info:    Redeclaring text command \textnotin (encoding L8U) on i
nput line 2868.
LaTeX Encoding Info:    Redeclaring text command \textsmallin (encoding L8U) on
 input line 2869.
LaTeX Encoding Info:    Redeclaring text command \textni (encoding L8U) on inpu
t line 2870.
LaTeX Encoding Info:    Redeclaring text command \textnotowner (encoding L8U) o
n input line 2871.
LaTeX Encoding Info:    Redeclaring text command \textsmallowns (encoding L8U) 
on input line 2872.
LaTeX Encoding Info:    Redeclaring text command \textprod (encoding L8U) on in
put line 2874.
LaTeX Encoding Info:    Redeclaring text command \textamalg (encoding L8U) on i
nput line 2875.
LaTeX Encoding Info:    Redeclaring text command \textsum (encoding L8U) on inp
ut line 2876.
LaTeX Encoding Info:    Redeclaring text command \textminus (encoding L8U) on i
nput line 2877.
LaTeX Encoding Info:    Redeclaring text command \textmp (encoding L8U) on inpu
t line 2878.
LaTeX Encoding Info:    Redeclaring text command \textdotplus (encoding L8U) on
 input line 2879.
LaTeX Encoding Info:    Redeclaring text command \textDivides (encoding L8U) on
 input line 2880.
LaTeX Encoding Info:    Redeclaring text command \textDividesNot (encoding L8U)
 on input line 2881.
LaTeX Encoding Info:    Redeclaring text command \textsetminus (encoding L8U) o
n input line 2882.
LaTeX Encoding Info:    Redeclaring text command \textast (encoding L8U) on inp
ut line 2883.
LaTeX Encoding Info:    Redeclaring text command \textcirc (encoding L8U) on in
put line 2884.
LaTeX Encoding Info:    Redeclaring text command \textbulletoperator (encoding 
L8U) on input line 2885.
LaTeX Encoding Info:    Redeclaring text command \textsurd (encoding L8U) on in
put line 2886.
LaTeX Encoding Info:    Redeclaring text command \textpropto (encoding L8U) on 
input line 2888.
LaTeX Encoding Info:    Redeclaring text command \textinfty (encoding L8U) on i
nput line 2889.
LaTeX Encoding Info:    Redeclaring text command \textangle (encoding L8U) on i
nput line 2891.
LaTeX Encoding Info:    Redeclaring text command \textmeasuredangle (encoding L
8U) on input line 2892.
LaTeX Encoding Info:    Redeclaring text command \textsphericalangle (encoding 
L8U) on input line 2893.
LaTeX Encoding Info:    Redeclaring text command \textmid (encoding L8U) on inp
ut line 2894.
LaTeX Encoding Info:    Redeclaring text command \textnmid (encoding L8U) on in
put line 2895.
LaTeX Encoding Info:    Redeclaring text command \textparallel (encoding L8U) o
n input line 2896.
LaTeX Encoding Info:    Redeclaring text command \textnparallel (encoding L8U) 
on input line 2897.
LaTeX Encoding Info:    Redeclaring text command \textwedge (encoding L8U) on i
nput line 2898.
LaTeX Encoding Info:    Redeclaring text command \textowedge (encoding L8U) on 
input line 2899.
LaTeX Encoding Info:    Redeclaring text command \textvee (encoding L8U) on inp
ut line 2900.
LaTeX Encoding Info:    Redeclaring text command \textovee (encoding L8U) on in
put line 2901.
LaTeX Encoding Info:    Redeclaring text command \textcap (encoding L8U) on inp
ut line 2902.
LaTeX Encoding Info:    Redeclaring text command \textcup (encoding L8U) on inp
ut line 2903.
LaTeX Encoding Info:    Redeclaring text command \textint (encoding L8U) on inp
ut line 2904.
LaTeX Encoding Info:    Redeclaring text command \textiint (encoding L8U) on in
put line 2905.
LaTeX Encoding Info:    Redeclaring text command \textiiint (encoding L8U) on i
nput line 2906.
LaTeX Encoding Info:    Redeclaring text command \textoint (encoding L8U) on in
put line 2907.
LaTeX Encoding Info:    Redeclaring text command \textoiint (encoding L8U) on i
nput line 2908.
LaTeX Encoding Info:    Redeclaring text command \textointclockwise (encoding L
8U) on input line 2910.
LaTeX Encoding Info:    Redeclaring text command \textointctrclockwise (encodin
g L8U) on input line 2911.
LaTeX Encoding Info:    Redeclaring text command \texttherefore (encoding L8U) 
on input line 2912.
LaTeX Encoding Info:    Redeclaring text command \textbecause (encoding L8U) on
 input line 2913.
LaTeX Encoding Info:    Redeclaring text command \textvdotdot (encoding L8U) on
 input line 2914.
LaTeX Encoding Info:    Redeclaring text command \textsquaredots (encoding L8U)
 on input line 2915.
LaTeX Encoding Info:    Redeclaring text command \textdotminus (encoding L8U) o
n input line 2916.
LaTeX Encoding Info:    Redeclaring text command \texteqcolon (encoding L8U) on
 input line 2917.
LaTeX Encoding Info:    Redeclaring text command \textsim (encoding L8U) on inp
ut line 2919.
LaTeX Encoding Info:    Redeclaring text command \textbacksim (encoding L8U) on
 input line 2920.
LaTeX Encoding Info:    Redeclaring text command \textnbacksim (encoding L8U) o
n input line 2921.
LaTeX Encoding Info:    Redeclaring text command \textwr (encoding L8U) on inpu
t line 2922.
LaTeX Encoding Info:    Redeclaring text command \textnsim (encoding L8U) on in
put line 2923.
LaTeX Encoding Info:    Redeclaring text command \texteqsim (encoding L8U) on i
nput line 2924.
LaTeX Encoding Info:    Redeclaring text command \textneqsim (encoding L8U) on 
input line 2925.
LaTeX Encoding Info:    Redeclaring text command \textsimeq (encoding L8U) on i
nput line 2926.
LaTeX Encoding Info:    Redeclaring text command \textnsimeq (encoding L8U) on 
input line 2927.
LaTeX Encoding Info:    Redeclaring text command \textcong (encoding L8U) on in
put line 2928.
LaTeX Encoding Info:    Redeclaring text command \textncong (encoding L8U) on i
nput line 2930.
LaTeX Encoding Info:    Redeclaring text command \textapprox (encoding L8U) on 
input line 2931.
LaTeX Encoding Info:    Redeclaring text command \textnapprox (encoding L8U) on
 input line 2932.
LaTeX Encoding Info:    Redeclaring text command \textapproxeq (encoding L8U) o
n input line 2933.
LaTeX Encoding Info:    Redeclaring text command \textnapproxeq (encoding L8U) 
on input line 2934.
LaTeX Encoding Info:    Redeclaring text command \texttriplesim (encoding L8U) 
on input line 2935.
LaTeX Encoding Info:    Redeclaring text command \textntriplesim (encoding L8U)
 on input line 2936.
LaTeX Encoding Info:    Redeclaring text command \textbackcong (encoding L8U) o
n input line 2937.
LaTeX Encoding Info:    Redeclaring text command \textnbackcong (encoding L8U) 
on input line 2938.
LaTeX Encoding Info:    Redeclaring text command \textasymp (encoding L8U) on i
nput line 2939.
LaTeX Encoding Info:    Redeclaring text command \textnasymp (encoding L8U) on 
input line 2940.
LaTeX Encoding Info:    Redeclaring text command \textBumpeq (encoding L8U) on 
input line 2941.
LaTeX Encoding Info:    Redeclaring text command \textnBumpeq (encoding L8U) on
 input line 2942.
LaTeX Encoding Info:    Redeclaring text command \textbumpeq (encoding L8U) on 
input line 2943.
LaTeX Encoding Info:    Redeclaring text command \textnbumpeq (encoding L8U) on
 input line 2944.
LaTeX Encoding Info:    Redeclaring text command \textdoteq (encoding L8U) on i
nput line 2945.
LaTeX Encoding Info:    Redeclaring text command \textndoteq (encoding L8U) on 
input line 2946.
LaTeX Encoding Info:    Redeclaring text command \textdoteqdot (encoding L8U) o
n input line 2947.
LaTeX Encoding Info:    Redeclaring text command \textnDoteq (encoding L8U) on 
input line 2948.
LaTeX Encoding Info:    Redeclaring text command \textfallingdoteq (encoding L8
U) on input line 2949.
LaTeX Encoding Info:    Redeclaring text command \textnfallingdoteq (encoding L
8U) on input line 2950.
LaTeX Encoding Info:    Redeclaring text command \textrisingdoteq (encoding L8U
) on input line 2951.
LaTeX Encoding Info:    Redeclaring text command \textnrisingdoteq (encoding L8
U) on input line 2952.
LaTeX Encoding Info:    Redeclaring text command \textcolonequals (encoding L8U
) on input line 2953.
LaTeX Encoding Info:    Redeclaring text command \textequalscolon (encoding L8U
) on input line 2954.
LaTeX Encoding Info:    Redeclaring text command \texteqcirc (encoding L8U) on 
input line 2955.
LaTeX Encoding Info:    Redeclaring text command \textneqcirc (encoding L8U) on
 input line 2956.
LaTeX Encoding Info:    Redeclaring text command \textcirceq (encoding L8U) on 
input line 2957.
LaTeX Encoding Info:    Redeclaring text command \textncirceq (encoding L8U) on
 input line 2958.
LaTeX Encoding Info:    Redeclaring text command \texthateq (encoding L8U) on i
nput line 2960.
LaTeX Encoding Info:    Redeclaring text command \textnhateq (encoding L8U) on 
input line 2961.
LaTeX Encoding Info:    Redeclaring text command \texttriangleeq (encoding L8U)
 on input line 2963.
LaTeX Encoding Info:    Redeclaring text command \textneq (encoding L8U) on inp
ut line 2965.
LaTeX Encoding Info:    Redeclaring text command \textne (encoding L8U) on inpu
t line 2966.
LaTeX Encoding Info:    Redeclaring text command \textequiv (encoding L8U) on i
nput line 2967.
LaTeX Encoding Info:    Redeclaring text command \textnequiv (encoding L8U) on 
input line 2968.
LaTeX Encoding Info:    Redeclaring text command \textleq (encoding L8U) on inp
ut line 2970.
LaTeX Encoding Info:    Redeclaring text command \textle (encoding L8U) on inpu
t line 2971.
LaTeX Encoding Info:    Redeclaring text command \textgeq (encoding L8U) on inp
ut line 2972.
LaTeX Encoding Info:    Redeclaring text command \textge (encoding L8U) on inpu
t line 2973.
LaTeX Encoding Info:    Redeclaring text command \textleqq (encoding L8U) on in
put line 2974.
LaTeX Encoding Info:    Redeclaring text command \textnleqq (encoding L8U) on i
nput line 2975.
LaTeX Encoding Info:    Redeclaring text command \textgeqq (encoding L8U) on in
put line 2976.
LaTeX Encoding Info:    Redeclaring text command \textngeqq (encoding L8U) on i
nput line 2977.
LaTeX Encoding Info:    Redeclaring text command \textlneqq (encoding L8U) on i
nput line 2978.
LaTeX Encoding Info:    Redeclaring text command \textgneqq (encoding L8U) on i
nput line 2979.
LaTeX Encoding Info:    Redeclaring text command \textll (encoding L8U) on inpu
t line 2980.
LaTeX Encoding Info:    Redeclaring text command \textnll (encoding L8U) on inp
ut line 2981.
LaTeX Encoding Info:    Redeclaring text command \textgg (encoding L8U) on inpu
t line 2982.
LaTeX Encoding Info:    Redeclaring text command \textngg (encoding L8U) on inp
ut line 2983.
LaTeX Encoding Info:    Redeclaring text command \textbetween (encoding L8U) on
 input line 2984.
LaTeX Encoding Info:    Redeclaring text command \textnless (encoding L8U) on i
nput line 2986.
LaTeX Encoding Info:    Redeclaring text command \textngtr (encoding L8U) on in
put line 2987.
LaTeX Encoding Info:    Redeclaring text command \textnleq (encoding L8U) on in
put line 2988.
LaTeX Encoding Info:    Redeclaring text command \textngeq (encoding L8U) on in
put line 2989.
LaTeX Encoding Info:    Redeclaring text command \textlesssim (encoding L8U) on
 input line 2990.
LaTeX Encoding Info:    Redeclaring text command \textgtrsim (encoding L8U) on 
input line 2991.
LaTeX Encoding Info:    Redeclaring text command \textnlesssim (encoding L8U) o
n input line 2992.
LaTeX Encoding Info:    Redeclaring text command \textngtrsim (encoding L8U) on
 input line 2993.
LaTeX Encoding Info:    Redeclaring text command \textlessgtr (encoding L8U) on
 input line 2994.
LaTeX Encoding Info:    Redeclaring text command \textgtrless (encoding L8U) on
 input line 2995.
LaTeX Encoding Info:    Redeclaring text command \textngtrless (encoding L8U) o
n input line 2996.
LaTeX Encoding Info:    Redeclaring text command \textnlessgtr (encoding L8U) o
n input line 2997.
LaTeX Encoding Info:    Redeclaring text command \textprec (encoding L8U) on in
put line 2998.
LaTeX Encoding Info:    Redeclaring text command \textsucc (encoding L8U) on in
put line 2999.
LaTeX Encoding Info:    Redeclaring text command \textpreccurlyeq (encoding L8U
) on input line 3000.
LaTeX Encoding Info:    Redeclaring text command \textsucccurlyeq (encoding L8U
) on input line 3001.
LaTeX Encoding Info:    Redeclaring text command \textprecsim (encoding L8U) on
 input line 3002.
LaTeX Encoding Info:    Redeclaring text command \textnprecsim (encoding L8U) o
n input line 3003.
LaTeX Encoding Info:    Redeclaring text command \textsuccsim (encoding L8U) on
 input line 3004.
LaTeX Encoding Info:    Redeclaring text command \textnsuccsim (encoding L8U) o
n input line 3005.
LaTeX Encoding Info:    Redeclaring text command \textnprec (encoding L8U) on i
nput line 3006.
LaTeX Encoding Info:    Redeclaring text command \textnsucc (encoding L8U) on i
nput line 3007.
LaTeX Encoding Info:    Redeclaring text command \textsubset (encoding L8U) on 
input line 3008.
LaTeX Encoding Info:    Redeclaring text command \textsupset (encoding L8U) on 
input line 3009.
LaTeX Encoding Info:    Redeclaring text command \textnsubset (encoding L8U) on
 input line 3010.
LaTeX Encoding Info:    Redeclaring text command \textnsupset (encoding L8U) on
 input line 3011.
LaTeX Encoding Info:    Redeclaring text command \textsubseteq (encoding L8U) o
n input line 3012.
LaTeX Encoding Info:    Redeclaring text command \textsupseteq (encoding L8U) o
n input line 3013.
LaTeX Encoding Info:    Redeclaring text command \textnsubseteq (encoding L8U) 
on input line 3014.
LaTeX Encoding Info:    Redeclaring text command \textnsupseteq (encoding L8U) 
on input line 3015.
LaTeX Encoding Info:    Redeclaring text command \textsubsetneq (encoding L8U) 
on input line 3016.
LaTeX Encoding Info:    Redeclaring text command \textsupsetneq (encoding L8U) 
on input line 3017.
LaTeX Encoding Info:    Redeclaring text command \textcupdot (encoding L8U) on 
input line 3019.
LaTeX Encoding Info:    Redeclaring text command \textcupplus (encoding L8U) on
 input line 3020.
LaTeX Encoding Info:    Redeclaring text command \textsqsubset (encoding L8U) o
n input line 3021.
LaTeX Encoding Info:    Redeclaring text command \textnsqsubset (encoding L8U) 
on input line 3022.
LaTeX Encoding Info:    Redeclaring text command \textsqsupset (encoding L8U) o
n input line 3023.
LaTeX Encoding Info:    Redeclaring text command \textnsqsupset (encoding L8U) 
on input line 3024.
LaTeX Encoding Info:    Redeclaring text command \textsqsubseteq (encoding L8U)
 on input line 3025.
LaTeX Encoding Info:    Redeclaring text command \textnsqsubseteq (encoding L8U
) on input line 3026.
LaTeX Encoding Info:    Redeclaring text command \textsqsupseteq (encoding L8U)
 on input line 3027.
LaTeX Encoding Info:    Redeclaring text command \textnsqsupseteq (encoding L8U
) on input line 3028.
LaTeX Encoding Info:    Redeclaring text command \textsqcap (encoding L8U) on i
nput line 3029.
LaTeX Encoding Info:    Redeclaring text command \textsqcup (encoding L8U) on i
nput line 3030.
LaTeX Encoding Info:    Redeclaring text command \textoplus (encoding L8U) on i
nput line 3031.
LaTeX Encoding Info:    Redeclaring text command \textominus (encoding L8U) on 
input line 3032.
LaTeX Encoding Info:    Redeclaring text command \textotimes (encoding L8U) on 
input line 3033.
LaTeX Encoding Info:    Redeclaring text command \textoslash (encoding L8U) on 
input line 3034.
LaTeX Encoding Info:    Redeclaring text command \textodot (encoding L8U) on in
put line 3035.
LaTeX Encoding Info:    Redeclaring text command \textcircledcirc (encoding L8U
) on input line 3036.
LaTeX Encoding Info:    Redeclaring text command \textcircledast (encoding L8U)
 on input line 3037.
LaTeX Encoding Info:    Redeclaring text command \textcircleddash (encoding L8U
) on input line 3039.
LaTeX Encoding Info:    Redeclaring text command \textboxplus (encoding L8U) on
 input line 3040.
LaTeX Encoding Info:    Redeclaring text command \textboxminus (encoding L8U) o
n input line 3041.
LaTeX Encoding Info:    Redeclaring text command \textboxtimes (encoding L8U) o
n input line 3042.
LaTeX Encoding Info:    Redeclaring text command \textboxdot (encoding L8U) on 
input line 3043.
LaTeX Encoding Info:    Redeclaring text command \textvdash (encoding L8U) on i
nput line 3044.
LaTeX Encoding Info:    Redeclaring text command \textdashv (encoding L8U) on i
nput line 3045.
LaTeX Encoding Info:    Redeclaring text command \textndashv (encoding L8U) on 
input line 3046.
LaTeX Encoding Info:    Redeclaring text command \texttop (encoding L8U) on inp
ut line 3047.
LaTeX Encoding Info:    Redeclaring text command \textndownvdash (encoding L8U)
 on input line 3048.
LaTeX Encoding Info:    Redeclaring text command \textbot (encoding L8U) on inp
ut line 3049.
LaTeX Encoding Info:    Redeclaring text command \textnupvdash (encoding L8U) o
n input line 3050.
LaTeX Encoding Info:    Redeclaring text command \textvDash (encoding L8U) on i
nput line 3052.
LaTeX Encoding Info:    Redeclaring text command \textVdash (encoding L8U) on i
nput line 3053.
LaTeX Encoding Info:    Redeclaring text command \textVvdash (encoding L8U) on 
input line 3054.
LaTeX Encoding Info:    Redeclaring text command \textnVvash (encoding L8U) on 
input line 3055.
LaTeX Encoding Info:    Redeclaring text command \textVDash (encoding L8U) on i
nput line 3056.
LaTeX Encoding Info:    Redeclaring text command \textnvdash (encoding L8U) on 
input line 3057.
LaTeX Encoding Info:    Redeclaring text command \textnvDash (encoding L8U) on 
input line 3058.
LaTeX Encoding Info:    Redeclaring text command \textnVdash (encoding L8U) on 
input line 3059.
LaTeX Encoding Info:    Redeclaring text command \textnVDash (encoding L8U) on 
input line 3060.
LaTeX Encoding Info:    Redeclaring text command \textlhd (encoding L8U) on inp
ut line 3062.
LaTeX Encoding Info:    Redeclaring text command \textrhd (encoding L8U) on inp
ut line 3063.
LaTeX Encoding Info:    Redeclaring text command \textunlhd (encoding L8U) on i
nput line 3064.
LaTeX Encoding Info:    Redeclaring text command \textunrhd (encoding L8U) on i
nput line 3065.
LaTeX Encoding Info:    Redeclaring text command \textmultimapdotbothA (encodin
g L8U) on input line 3066.
LaTeX Encoding Info:    Redeclaring text command \textmultimapdotbothB (encodin
g L8U) on input line 3067.
LaTeX Encoding Info:    Redeclaring text command \textmultimap (encoding L8U) o
n input line 3068.
LaTeX Encoding Info:    Redeclaring text command \textveebar (encoding L8U) on 
input line 3070.
LaTeX Encoding Info:    Redeclaring text command \textbarwedge (encoding L8U) o
n input line 3071.
LaTeX Encoding Info:    Redeclaring text command \textstar (encoding L8U) on in
put line 3073.
LaTeX Encoding Info:    Redeclaring text command \textdivideontimes (encoding L
8U) on input line 3074.
LaTeX Encoding Info:    Redeclaring text command \textbowtie (encoding L8U) on 
input line 3075.
LaTeX Encoding Info:    Redeclaring text command \textltimes (encoding L8U) on 
input line 3076.
LaTeX Encoding Info:    Redeclaring text command \textrtimes (encoding L8U) on 
input line 3077.
LaTeX Encoding Info:    Redeclaring text command \textleftthreetimes (encoding 
L8U) on input line 3078.
LaTeX Encoding Info:    Redeclaring text command \textrightthreetimes (encoding
 L8U) on input line 3079.
LaTeX Encoding Info:    Redeclaring text command \textbacksimeq (encoding L8U) 
on input line 3080.
LaTeX Encoding Info:    Redeclaring text command \textnbacksimeq (encoding L8U)
 on input line 3081.
LaTeX Encoding Info:    Redeclaring text command \textcurlyvee (encoding L8U) o
n input line 3082.
LaTeX Encoding Info:    Redeclaring text command \textcurlywedge (encoding L8U)
 on input line 3083.
LaTeX Encoding Info:    Redeclaring text command \textSubset (encoding L8U) on 
input line 3084.
LaTeX Encoding Info:    Redeclaring text command \textnSubset (encoding L8U) on
 input line 3085.
LaTeX Encoding Info:    Redeclaring text command \textSupset (encoding L8U) on 
input line 3086.
LaTeX Encoding Info:    Redeclaring text command \textnSupset (encoding L8U) on
 input line 3087.
LaTeX Encoding Info:    Redeclaring text command \textCap (encoding L8U) on inp
ut line 3088.
LaTeX Encoding Info:    Redeclaring text command \textCup (encoding L8U) on inp
ut line 3089.
LaTeX Encoding Info:    Redeclaring text command \textpitchfork (encoding L8U) 
on input line 3090.
LaTeX Encoding Info:    Redeclaring text command \textlessdot (encoding L8U) on
 input line 3092.
LaTeX Encoding Info:    Redeclaring text command \textgtrdot (encoding L8U) on 
input line 3093.
LaTeX Encoding Info:    Redeclaring text command \textlll (encoding L8U) on inp
ut line 3094.
LaTeX Encoding Info:    Redeclaring text command \textggg (encoding L8U) on inp
ut line 3095.
LaTeX Encoding Info:    Redeclaring text command \textlesseqgtr (encoding L8U) 
on input line 3096.
LaTeX Encoding Info:    Redeclaring text command \textgtreqless (encoding L8U) 
on input line 3097.
LaTeX Encoding Info:    Redeclaring text command \textcurlyeqprec (encoding L8U
) on input line 3098.
LaTeX Encoding Info:    Redeclaring text command \textncurlyeqprec (encoding L8
U) on input line 3099.
LaTeX Encoding Info:    Redeclaring text command \textcurlyeqsucc (encoding L8U
) on input line 3100.
LaTeX Encoding Info:    Redeclaring text command \textncurlyeqsucc (encoding L8
U) on input line 3101.
LaTeX Encoding Info:    Redeclaring text command \textnpreccurlyeq (encoding L8
U) on input line 3102.
LaTeX Encoding Info:    Redeclaring text command \textnsucccurlyeq (encoding L8
U) on input line 3103.
LaTeX Encoding Info:    Redeclaring text command \textnqsubseteq (encoding L8U)
 on input line 3104.
LaTeX Encoding Info:    Redeclaring text command \textnqsupseteq (encoding L8U)
 on input line 3105.
LaTeX Encoding Info:    Redeclaring text command \textsqsubsetneq (encoding L8U
) on input line 3106.
LaTeX Encoding Info:    Redeclaring text command \textsqsupsetneq (encoding L8U
) on input line 3107.
LaTeX Encoding Info:    Redeclaring text command \textlnsim (encoding L8U) on i
nput line 3108.
LaTeX Encoding Info:    Redeclaring text command \textgnsim (encoding L8U) on i
nput line 3109.
LaTeX Encoding Info:    Redeclaring text command \textprecnsim (encoding L8U) o
n input line 3110.
LaTeX Encoding Info:    Redeclaring text command \textsuccnsim (encoding L8U) o
n input line 3111.
LaTeX Encoding Info:    Redeclaring text command \textntriangleleft (encoding L
8U) on input line 3112.
LaTeX Encoding Info:    Redeclaring text command \textntriangleright (encoding 
L8U) on input line 3113.
LaTeX Encoding Info:    Redeclaring text command \textntrianglelefteq (encoding
 L8U) on input line 3114.
LaTeX Encoding Info:    Redeclaring text command \textntrianglerighteq (encodin
g L8U) on input line 3115.
LaTeX Encoding Info:    Redeclaring text command \textvdots (encoding L8U) on i
nput line 3116.
LaTeX Encoding Info:    Redeclaring text command \textcdots (encoding L8U) on i
nput line 3117.
LaTeX Encoding Info:    Redeclaring text command \textudots (encoding L8U) on i
nput line 3118.
LaTeX Encoding Info:    Redeclaring text command \textddots (encoding L8U) on i
nput line 3119.
LaTeX Encoding Info:    Redeclaring text command \textbarin (encoding L8U) on i
nput line 3120.
LaTeX Encoding Info:    Redeclaring text command \textperp (encoding L8U) on in
put line 3541.
LaTeX Encoding Info:    Redeclaring text command \textnotperp (encoding L8U) on
 input line 3542.
LaTeX Encoding Info:    Redeclaring text command \textveedot (encoding L8U) on 
input line 3543.
LaTeX Encoding Info:    Redeclaring text command \textwedgedot (encoding L8U) o
n input line 3544.
LaTeX Encoding Info:    Redeclaring text command \textleftspoon (encoding L8U) 
on input line 3545.
LaTeX Encoding Info:    Redeclaring text command \textlbrackdbl (encoding L8U) 
on input line 3546.
LaTeX Encoding Info:    Redeclaring text command \textrbrackdbl (encoding L8U) 
on input line 3547.
LaTeX Encoding Info:    Redeclaring text command \textcirclearrowleft (encoding
 L8U) on input line 3552.
LaTeX Encoding Info:    Redeclaring text command \textcirclearrowright (encodin
g L8U) on input line 3553.
LaTeX Encoding Info:    Redeclaring text command \textlongleftarrow (encoding L
8U) on input line 3555.
LaTeX Encoding Info:    Redeclaring text command \textlongrightarrow (encoding 
L8U) on input line 3556.
LaTeX Encoding Info:    Redeclaring text command \textlongleftrightarrow (encod
ing L8U) on input line 3557.
LaTeX Encoding Info:    Redeclaring text command \textLongleftarrow (encoding L
8U) on input line 3558.
LaTeX Encoding Info:    Redeclaring text command \textLongrightarrow (encoding 
L8U) on input line 3559.
LaTeX Encoding Info:    Redeclaring text command \textLongleftrightarrow (encod
ing L8U) on input line 3560.
LaTeX Encoding Info:    Redeclaring text command \textlongmapsto (encoding L8U)
 on input line 3562.
LaTeX Encoding Info:    Redeclaring text command \textLongmapsfrom (encoding L8
U) on input line 3563.
LaTeX Encoding Info:    Redeclaring text command \textLongmapsto (encoding L8U)
 on input line 3564.
LaTeX Encoding Info:    Redeclaring text command \textnwsearrow (encoding L8U) 
on input line 3570.
LaTeX Encoding Info:    Redeclaring text command \textneswarrow (encoding L8U) 
on input line 3571.
LaTeX Encoding Info:    Redeclaring text command \textlhooknwarrow (encoding L8
U) on input line 3572.
LaTeX Encoding Info:    Redeclaring text command \textrhooknearrow (encoding L8
U) on input line 3573.
LaTeX Encoding Info:    Redeclaring text command \textlhooksearrow (encoding L8
U) on input line 3574.
LaTeX Encoding Info:    Redeclaring text command \textrhookswarrow (encoding L8
U) on input line 3575.
LaTeX Encoding Info:    Redeclaring text command \textleadsto (encoding L8U) on
 input line 3577.
LaTeX Encoding Info:    Redeclaring text command \textrcurvearrowne (encoding L
8U) on input line 3578.
LaTeX Encoding Info:    Redeclaring text command \textlcurvearrowse (encoding L
8U) on input line 3579.
LaTeX Encoding Info:    Redeclaring text command \textlcurvearrowsw (encoding L
8U) on input line 3580.
LaTeX Encoding Info:    Redeclaring text command \textrcurvearrowse (encoding L
8U) on input line 3581.
LaTeX Encoding Info:    Redeclaring text command \textlcurvearrowdown (encoding
 L8U) on input line 3582.
LaTeX Encoding Info:    Redeclaring text command \textrcurvearrowdown (encoding
 L8U) on input line 3583.
LaTeX Encoding Info:    Redeclaring text command \textrcurvearrowleft (encoding
 L8U) on input line 3584.
LaTeX Encoding Info:    Redeclaring text command \textrcurvearrowright (encodin
g L8U) on input line 3585.
LaTeX Encoding Info:    Redeclaring text command \textleftrightharpoon (encodin
g L8U) on input line 3587.
LaTeX Encoding Info:    Redeclaring text command \textrightleftharpoon (encodin
g L8U) on input line 3588.
LaTeX Encoding Info:    Redeclaring text command \textupdownharpoonrightleft (e
ncoding L8U) on input line 3589.
LaTeX Encoding Info:    Redeclaring text command \textupdownharpoonleftright (e
ncoding L8U) on input line 3590.
LaTeX Encoding Info:    Redeclaring text command \textleftleftharpoons (encodin
g L8U) on input line 3592.
LaTeX Encoding Info:    Redeclaring text command \textupupharpoons (encoding L8
U) on input line 3593.
LaTeX Encoding Info:    Redeclaring text command \textrightrightharpoons (encod
ing L8U) on input line 3594.
LaTeX Encoding Info:    Redeclaring text command \textdowndownharpoons (encodin
g L8U) on input line 3595.
LaTeX Encoding Info:    Redeclaring text command \textleftbarharpoon (encoding 
L8U) on input line 3597.
LaTeX Encoding Info:    Redeclaring text command \textbarleftharpoon (encoding 
L8U) on input line 3598.
LaTeX Encoding Info:    Redeclaring text command \textrightbarharpoon (encoding
 L8U) on input line 3599.
LaTeX Encoding Info:    Redeclaring text command \textbarrightharpoon (encoding
 L8U) on input line 3600.
LaTeX Encoding Info:    Redeclaring text command \textupdownharpoons (encoding 
L8U) on input line 3601.
LaTeX Encoding Info:    Redeclaring text command \textdownupharpoons (encoding 
L8U) on input line 3602.
LaTeX Encoding Info:    Redeclaring text command \textmoo (encoding L8U) on inp
ut line 3604.
LaTeX Encoding Info:    Redeclaring text command \textllparenthesis (encoding L
8U) on input line 3609.
LaTeX Encoding Info:    Redeclaring text command \textrrparenthesis (encoding L
8U) on input line 3610.
LaTeX Encoding Info:    Redeclaring text command \textinvdiameter (encoding L8U
) on input line 3612.
LaTeX Encoding Info:    Redeclaring text command \textobar (encoding L8U) on in
put line 3614.
LaTeX Encoding Info:    Redeclaring text command \textobslash (encoding L8U) on
 input line 3616.
LaTeX Encoding Info:    Redeclaring text command \textobot (encoding L8U) on in
put line 3618.
LaTeX Encoding Info:    Redeclaring text command \textNoChemicalCleaning (encod
ing L8U) on input line 3619.
LaTeX Encoding Info:    Redeclaring text command \textolessthan (encoding L8U) 
on input line 3621.
LaTeX Encoding Info:    Redeclaring text command \textogreaterthan (encoding L8
U) on input line 3622.
LaTeX Encoding Info:    Redeclaring text command \textboxslash (encoding L8U) o
n input line 3624.
LaTeX Encoding Info:    Redeclaring text command \textboxbslash (encoding L8U) 
on input line 3625.
LaTeX Encoding Info:    Redeclaring text command \textboxast (encoding L8U) on 
input line 3626.
LaTeX Encoding Info:    Redeclaring text command \textboxcircle (encoding L8U) 
on input line 3627.
LaTeX Encoding Info:    Redeclaring text command \textboxbox (encoding L8U) on 
input line 3628.
LaTeX Encoding Info:    Redeclaring text command \textValve (encoding L8U) on i
nput line 3630.
LaTeX Encoding Info:    Redeclaring text command \textmultimapboth (encoding L8
U) on input line 3631.
LaTeX Encoding Info:    Redeclaring text command \textshuffle (encoding L8U) on
 input line 3633.
LaTeX Encoding Info:    Redeclaring text command \textuplus (encoding L8U) on i
nput line 3638.
LaTeX Encoding Info:    Redeclaring text command \textbigdoublewedge (encoding 
L8U) on input line 3639.
LaTeX Encoding Info:    Redeclaring text command \textbigdoublevee (encoding L8
U) on input line 3640.
LaTeX Encoding Info:    Redeclaring text command \textJoin (encoding L8U) on in
put line 3641.
LaTeX Encoding Info:    Redeclaring text command \textfatsemi (encoding L8U) on
 input line 3643.
LaTeX Encoding Info:    Redeclaring text command \textcircplus (encoding L8U) o
n input line 3644.
LaTeX Encoding Info:    Redeclaring text command \textminusdot (encoding L8U) o
n input line 3645.
LaTeX Encoding Info:    Redeclaring text command \textdottimes (encoding L8U) o
n input line 3646.
LaTeX Encoding Info:    Redeclaring text command \textdtimes (encoding L8U) on 
input line 3647.
LaTeX Encoding Info:    Redeclaring text command \textodiv (encoding L8U) on in
put line 3648.
LaTeX Encoding Info:    Redeclaring text command \textinvneg (encoding L8U) on 
input line 3649.
LaTeX Encoding Info:    Redeclaring text command \textcapdot (encoding L8U) on 
input line 3650.
LaTeX Encoding Info:    Redeclaring text command \textsqdoublecap (encoding L8U
) on input line 3651.
LaTeX Encoding Info:    Redeclaring text command \textsqdoublecup (encoding L8U
) on input line 3652.
LaTeX Encoding Info:    Redeclaring text command \textdoublewedge (encoding L8U
) on input line 3653.
LaTeX Encoding Info:    Redeclaring text command \textdoublevee (encoding L8U) 
on input line 3654.
LaTeX Encoding Info:    Redeclaring text command \textdoublebarwedge (encoding 
L8U) on input line 3655.
LaTeX Encoding Info:    Redeclaring text command \textveedoublebar (encoding L8
U) on input line 3656.
LaTeX Encoding Info:    Redeclaring text command \texteqdot (encoding L8U) on i
nput line 3657.
LaTeX Encoding Info:    Redeclaring text command \textneqdot (encoding L8U) on 
input line 3658.
LaTeX Encoding Info:    Redeclaring text command \textcoloncolonequals (encodin
g L8U) on input line 3659.
LaTeX Encoding Info:    Redeclaring text command \textleqslant (encoding L8U) o
n input line 3660.
LaTeX Encoding Info:    Redeclaring text command \textnleqslant (encoding L8U) 
on input line 3661.
LaTeX Encoding Info:    Redeclaring text command \textgeqslant (encoding L8U) o
n input line 3662.
LaTeX Encoding Info:    Redeclaring text command \textngeqslant (encoding L8U) 
on input line 3663.
LaTeX Encoding Info:    Redeclaring text command \textlessapprox (encoding L8U)
 on input line 3664.
LaTeX Encoding Info:    Redeclaring text command \textnlessapprox (encoding L8U
) on input line 3665.
LaTeX Encoding Info:    Redeclaring text command \textgtrapprox (encoding L8U) 
on input line 3666.
LaTeX Encoding Info:    Redeclaring text command \textngtrapprox (encoding L8U)
 on input line 3667.
LaTeX Encoding Info:    Redeclaring text command \textlneq (encoding L8U) on in
put line 3668.
LaTeX Encoding Info:    Redeclaring text command \textgneq (encoding L8U) on in
put line 3669.
LaTeX Encoding Info:    Redeclaring text command \textlnapprox (encoding L8U) o
n input line 3670.
LaTeX Encoding Info:    Redeclaring text command \textgnapprox (encoding L8U) o
n input line 3671.
LaTeX Encoding Info:    Redeclaring text command \textlesseqqgtr (encoding L8U)
 on input line 3672.
LaTeX Encoding Info:    Redeclaring text command \textgtreqqless (encoding L8U)
 on input line 3673.
LaTeX Encoding Info:    Redeclaring text command \texteqslantless (encoding L8U
) on input line 3674.
LaTeX Encoding Info:    Redeclaring text command \texteqslantgtr (encoding L8U)
 on input line 3675.
LaTeX Encoding Info:    Redeclaring text command \textleftslice (encoding L8U) 
on input line 3676.
LaTeX Encoding Info:    Redeclaring text command \textrightslice (encoding L8U)
 on input line 3677.
LaTeX Encoding Info:    Redeclaring text command \textpreceq (encoding L8U) on 
input line 3678.
LaTeX Encoding Info:    Redeclaring text command \textnpreceq (encoding L8U) on
 input line 3679.
LaTeX Encoding Info:    Redeclaring text command \textsucceq (encoding L8U) on 
input line 3680.
LaTeX Encoding Info:    Redeclaring text command \textnsucceq (encoding L8U) on
 input line 3681.
LaTeX Encoding Info:    Redeclaring text command \textprecneq (encoding L8U) on
 input line 3682.
LaTeX Encoding Info:    Redeclaring text command \textsuccneq (encoding L8U) on
 input line 3683.
LaTeX Encoding Info:    Redeclaring text command \textpreceqq (encoding L8U) on
 input line 3684.
LaTeX Encoding Info:    Redeclaring text command \textnpreceqq (encoding L8U) o
n input line 3685.
LaTeX Encoding Info:    Redeclaring text command \textsucceqq (encoding L8U) on
 input line 3686.
LaTeX Encoding Info:    Redeclaring text command \textnsucceqq (encoding L8U) o
n input line 3687.
LaTeX Encoding Info:    Redeclaring text command \textprecneqq (encoding L8U) o
n input line 3688.
LaTeX Encoding Info:    Redeclaring text command \textsuccneqq (encoding L8U) o
n input line 3689.
LaTeX Encoding Info:    Redeclaring text command \textprecapprox (encoding L8U)
 on input line 3690.
LaTeX Encoding Info:    Redeclaring text command \textnprecapprox (encoding L8U
) on input line 3691.
LaTeX Encoding Info:    Redeclaring text command \textsuccapprox (encoding L8U)
 on input line 3692.
LaTeX Encoding Info:    Redeclaring text command \textnsuccapprox (encoding L8U
) on input line 3693.
LaTeX Encoding Info:    Redeclaring text command \textprecnapprox (encoding L8U
) on input line 3694.
LaTeX Encoding Info:    Redeclaring text command \textsuccnapprox (encoding L8U
) on input line 3695.
LaTeX Encoding Info:    Redeclaring text command \textsubseteqq (encoding L8U) 
on input line 3696.
LaTeX Encoding Info:    Redeclaring text command \textnsubseteqq (encoding L8U)
 on input line 3697.
LaTeX Encoding Info:    Redeclaring text command \textsupseteqq (encoding L8U) 
on input line 3698.
LaTeX Encoding Info:    Redeclaring text command \textnsupseteqq (encoding L8U)
 on input line 3699.
LaTeX Encoding Info:    Redeclaring text command \textdashV (encoding L8U) on i
nput line 3700.
LaTeX Encoding Info:    Redeclaring text command \textndashV (encoding L8U) on 
input line 3701.
LaTeX Encoding Info:    Redeclaring text command \textDashv (encoding L8U) on i
nput line 3702.
LaTeX Encoding Info:    Redeclaring text command \textnDashv (encoding L8U) on 
input line 3703.
LaTeX Encoding Info:    Redeclaring text command \textDashV (encoding L8U) on i
nput line 3704.
LaTeX Encoding Info:    Redeclaring text command \textnDashV (encoding L8U) on 
input line 3705.
LaTeX Encoding Info:    Redeclaring text command \textdownmodels (encoding L8U)
 on input line 3706.
LaTeX Encoding Info:    Redeclaring text command \textndownmodels (encoding L8U
) on input line 3707.
LaTeX Encoding Info:    Redeclaring text command \textupmodels (encoding L8U) o
n input line 3708.
LaTeX Encoding Info:    Redeclaring text command \textnupmodels (encoding L8U) 
on input line 3709.
LaTeX Encoding Info:    Redeclaring text command \textupspoon (encoding L8U) on
 input line 3710.
LaTeX Encoding Info:    Redeclaring text command \textinterleave (encoding L8U)
 on input line 3711.
LaTeX Encoding Info:    Redeclaring text command \textsslash (encoding L8U) on 
input line 3712.
LaTeX Encoding Info:    Redeclaring text command \textupstep (encoding L8U) on 
input line 3739.
LaTeX Encoding Info:    Redeclaring text command \textdownstep (encoding L8U) o
n input line 3740.
LaTeX Encoding Info:    Redeclaring text command \textcopyleft (encoding L8U) o
n input line 3810.
)
\pdfxsafeforxmp@toks=\toks27
\pdfx@tmptoks=\toks28
(C:\Users\jacop\AppData\Local\Programs\MiKTeX\tex/latex/hyperref\hyperref.sty
Package: hyperref 2025-07-12 v7.01o Hypertext links for LaTeX

(C:\Users\jacop\AppData\Local\Programs\MiKTeX\tex/latex/kvsetkeys\kvsetkeys.sty
Package: kvsetkeys 2022-10-05 v1.19 Key value parser (HO)
)
(C:\Users\jacop\AppData\Local\Programs\MiKTeX\tex/generic/kvdefinekeys\kvdefine
keys.sty
Package: kvdefinekeys 2019-12-19 v1.6 Define keys (HO)
)
(C:\Users\jacop\AppData\Local\Programs\MiKTeX\tex/generic/pdfescape\pdfescape.s
ty
Package: pdfescape 2019/12/09 v1.15 Implements pdfTeX's escape features (HO)

(C:\Users\jacop\AppData\Local\Programs\MiKTeX\tex/generic/ltxcmds\ltxcmds.sty
Package: ltxcmds 2023-12-04 v1.26 LaTeX kernel commands for general use (HO)
)
(C:\Users\jacop\AppData\Local\Programs\MiKTeX\tex/generic/pdftexcmds\pdftexcmds
.sty
Package: pdftexcmds 2020-06-27 v0.33 Utility functions of pdfTeX for LuaTeX (HO
)

(C:\Users\jacop\AppData\Local\Programs\MiKTeX\tex/generic/infwarerr\infwarerr.s
ty
Package: infwarerr 2019/12/03 v1.5 Providing info/warning/error messages (HO)
)
Package pdftexcmds Info: \pdf@primitive is available.
Package pdftexcmds Info: \pdf@ifprimitive is available.
Package pdftexcmds Info: \pdfdraftmode found.
))
(C:\Users\jacop\AppData\Local\Programs\MiKTeX\tex/latex/hycolor\hycolor.sty
Package: hycolor 2020-01-27 v1.10 Color options for hyperref/bookmark (HO)
)
(C:\Users\jacop\AppData\Local\Programs\MiKTeX\tex/latex/hyperref\nameref.sty
Package: nameref 2025-06-21 v2.57 Cross-referencing by name of section

(C:\Users\jacop\AppData\Local\Programs\MiKTeX\tex/latex/refcount\refcount.sty
Package: refcount 2019/12/15 v3.6 Data extraction from label references (HO)
)
(C:\Users\jacop\AppData\Local\Programs\MiKTeX\tex/generic/gettitlestring\gettit
lestring.sty
Package: gettitlestring 2019/12/15 v1.6 Cleanup title references (HO)

(C:\Users\jacop\AppData\Local\Programs\MiKTeX\tex/latex/kvoptions\kvoptions.sty
Package: kvoptions 2022-06-15 v3.15 Key value format for package options (HO)
))
\c@section@level=\count298
)
(C:\Users\jacop\AppData\Local\Programs\MiKTeX\tex/generic/stringenc\stringenc.s
ty
Package: stringenc 2019/11/29 v1.12 Convert strings between diff. encodings (HO
)
)
\@linkdim=\dimen179
\Hy@linkcounter=\count299
\Hy@pagecounter=\count300
 (C:\Users\jacop\AppData\Local\Programs\MiKTeX\tex/latex/hyperref\pd1enc.def
File: pd1enc.def 2025-07-12 v7.01o Hyperref: PDFDocEncoding definition (HO)
) (C:\Users\jacop\AppData\Local\Programs\MiKTeX\tex/generic/intcalc\intcalc.sty
Package: intcalc 2019/12/15 v1.3 Expandable calculations with integers (HO)
)
\Hy@SavedSpaceFactor=\count301
 (C:\Users\jacop\AppData\Local\Programs\MiKTeX\tex/latex/hyperref\puenc.def
File: puenc.def 2025-07-12 v7.01o Hyperref: PDF Unicode definition (HO)

(C:\Users\jacop\AppData\Local\Programs\MiKTeX\tex/latex/greek-fontenc\puenc-gre
ek.def
File: puenc-greek.def 2023-09-12 2.5 Greek LICRs for PDF strings

(C:\Users\jacop\AppData\Local\Programs\MiKTeX\tex/latex/greek-fontenc\greek-fon
tenc.def
File: greek-fontenc.def 2023-09-12 2.5 Common Greek font encoding definitions
)
LaTeX Encoding Info:    Redeclaring text command \textmu (encoding PU) on input
 line 179.
)
LaTeX Encoding Info:    Redeclaring text command \textohm (encoding PU) on inpu
t line 1176.
)
Package hyperref Info: Option `pdfa' set `true' on input line 4066.
Package hyperref Info: Option `pdfa' set `true' on input line 4066.
Package hyperref Info: Hyper figures OFF on input line 4195.
Package hyperref Info: Link nesting OFF on input line 4200.
Package hyperref Info: Hyper index ON on input line 4203.
Package hyperref Info: Plain pages OFF on input line 4210.
Package hyperref Info: Backreferencing OFF on input line 4215.
Package hyperref Info: Implicit mode ON; LaTeX internals redefined.
Package hyperref Info: Bookmarks ON on input line 4462.
\c@Hy@tempcnt=\count302
 (C:\Users\jacop\AppData\Local\Programs\MiKTeX\tex/latex/url\url.sty
\Urlmuskip=\muskip17
Package: url 2013/09/16  ver 3.4  Verb mode for urls, etc.
)
LaTeX Info: Redefining \url on input line 4801.
\XeTeXLinkMargin=\dimen180
 (C:\Users\jacop\AppData\Local\Programs\MiKTeX\tex/generic/bitset\bitset.sty
Package: bitset 2019/12/09 v1.3 Handle bit-vector datatype (HO)

(C:\Users\jacop\AppData\Local\Programs\MiKTeX\tex/generic/bigintcalc\bigintcalc
.sty
Package: bigintcalc 2019/12/15 v1.5 Expandable calculations on big integers (HO
)
))
\Fld@menulength=\count303
\Field@Width=\dimen181
\Fld@charsize=\dimen182
Package hyperref Info: Hyper figures OFF on input line 6078.
Package hyperref Info: Link nesting OFF on input line 6083.
Package hyperref Info: Hyper index ON on input line 6086.
Package hyperref Info: backreferencing OFF on input line 6093.
Package hyperref Info: Link coloring OFF on input line 6098.
Package hyperref Info: Link coloring with OCG OFF on input line 6103.
Package hyperref Info: PDF/A mode ON on input line 6106.
\Hy@abspage=\count304
\c@Item=\count305
\c@Hfootnote=\count306
)
Package hyperref Info: Driver: hpdftex.

(C:\Users\jacop\AppData\Local\Programs\MiKTeX\tex/latex/hyperref\hpdftex.def
File: hpdftex.def 2025-07-12 v7.01o Hyperref driver for pdfTeX
\Fld@listcount=\count307
\c@bookmark@seq@number=\count308

(C:\Users\jacop\AppData\Local\Programs\MiKTeX\tex/latex/rerunfilecheck\rerunfil
echeck.sty
Package: rerunfilecheck 2025-06-21 v1.11 Rerun checks for auxiliary files (HO)

(C:\Users\jacop\AppData\Local\Programs\MiKTeX\tex/generic/uniquecounter\uniquec
ounter.sty
Package: uniquecounter 2019/12/15 v1.4 Provide unlimited unique counter (HO)
)
Package uniquecounter Info: New unique counter `rerunfilecheck' on input line 2
84.
)
\Hy@SectionHShift=\skip56
)
Package hyperref Info: Option `psdextra' set `true' on input line 1535.

(C:\Users\jacop\AppData\Local\Programs\MiKTeX\tex/latex/hyperref\psdextra.def
File: psdextra.def 2025-07-12 v7.01o Hyperref: Additions to PDF string support
LaTeX Encoding Info:    Redeclaring text command \textGamma (encoding PU) on in
put line 39.
LaTeX Encoding Info:    Redeclaring text command \textDelta (encoding PU) on in
put line 40.
LaTeX Encoding Info:    Redeclaring text command \textTheta (encoding PU) on in
put line 41.
LaTeX Encoding Info:    Redeclaring text command \textLambda (encoding PU) on i
nput line 42.
LaTeX Encoding Info:    Redeclaring text command \textXi (encoding PU) on input
 line 43.
LaTeX Encoding Info:    Redeclaring text command \textPi (encoding PU) on input
 line 44.
LaTeX Encoding Info:    Redeclaring text command \textSigma (encoding PU) on in
put line 45.
LaTeX Encoding Info:    Redeclaring text command \textUpsilon (encoding PU) on 
input line 46.
LaTeX Encoding Info:    Redeclaring text command \textPhi (encoding PU) on inpu
t line 47.
LaTeX Encoding Info:    Redeclaring text command \textChi (encoding PU) on inpu
t line 48.
LaTeX Encoding Info:    Redeclaring text command \textPsi (encoding PU) on inpu
t line 49.
LaTeX Encoding Info:    Redeclaring text command \textOmega (encoding PU) on in
put line 50.
LaTeX Encoding Info:    Redeclaring text command \textalpha (encoding PU) on in
put line 51.
LaTeX Encoding Info:    Redeclaring text command \textbeta (encoding PU) on inp
ut line 52.
LaTeX Encoding Info:    Redeclaring text command \textgamma (encoding PU) on in
put line 53.
LaTeX Encoding Info:    Redeclaring text command \textdelta (encoding PU) on in
put line 54.
LaTeX Encoding Info:    Redeclaring text command \textepsilon (encoding PU) on 
input line 55.
LaTeX Encoding Info:    Redeclaring text command \textzeta (encoding PU) on inp
ut line 56.
LaTeX Encoding Info:    Redeclaring text command \texteta (encoding PU) on inpu
t line 57.
LaTeX Encoding Info:    Redeclaring text command \texttheta (encoding PU) on in
put line 58.
LaTeX Encoding Info:    Redeclaring text command \textiota (encoding PU) on inp
ut line 59.
LaTeX Encoding Info:    Redeclaring text command \textkappa (encoding PU) on in
put line 60.
LaTeX Encoding Info:    Redeclaring text command \textlambda (encoding PU) on i
nput line 61.
LaTeX Encoding Info:    Redeclaring text command \textmugreek (encoding PU) on 
input line 62.
LaTeX Encoding Info:    Redeclaring text command \textnu (encoding PU) on input
 line 63.
LaTeX Encoding Info:    Redeclaring text command \textxi (encoding PU) on input
 line 64.
LaTeX Encoding Info:    Redeclaring text command \textpi (encoding PU) on input
 line 65.
LaTeX Encoding Info:    Redeclaring text command \textrho (encoding PU) on inpu
t line 66.
LaTeX Encoding Info:    Redeclaring text command \textvarsigma (encoding PU) on
 input line 67.
LaTeX Encoding Info:    Redeclaring text command \textsigma (encoding PU) on in
put line 68.
LaTeX Encoding Info:    Redeclaring text command \texttau (encoding PU) on inpu
t line 69.
LaTeX Encoding Info:    Redeclaring text command \textupsilon (encoding PU) on 
input line 70.
LaTeX Encoding Info:    Redeclaring text command \textphi (encoding PU) on inpu
t line 71.
LaTeX Encoding Info:    Redeclaring text command \textchi (encoding PU) on inpu
t line 72.
LaTeX Encoding Info:    Redeclaring text command \textpsi (encoding PU) on inpu
t line 73.
LaTeX Encoding Info:    Redeclaring text command \textomega (encoding PU) on in
put line 74.
)
(C:\Users\jacop\AppData\Local\Programs\MiKTeX\tex/latex/pdfx\AdobeColorProfiles
.tex) (C:\Users\jacop\AppData\Local\Programs\MiKTeX\tex/latex/pdfx\8bit.def
File: 8bit.def 2008/03/30 v1.1d Input encoding file
)
** pdfx: No file main.xmpdata . Metadata will be incomplete!
<<sRGB.icc>>
(C:\Users\jacop\AppData\Local\Programs\MiKTeX\tex/latex/pdfx\8bit.def
File: 8bit.def 2008/03/30 v1.1d Input encoding file
)
(C:\Users\jacop\AppData\Local\Programs\MiKTeX\tex/generic/pdftex\glyphtounicode
.tex)
(C:\Users\jacop\AppData\Local\Programs\MiKTeX\tex/latex/pdfx\glyphtounicode-cmr
.tex)
(C:\Users\jacop\AppData\Local\Programs\MiKTeX\tex/latex/pdfx\glyphtounicode-ntx
.tex)
(C:\Users\jacop\AppData\Local\Programs\MiKTeX\tex/latex/xmpincl\xmpincl.sty
Package: xmpincl 2021/09/22 v2.4 Include XMP data in pdflatex
)
(C:\Users\jacop\AppData\Local\Programs\MiKTeX\tex/latex/pdfx\8bit.def
File: 8bit.def 2008/03/30 v1.1d Input encoding file
)
Using XMP template file: pdfa.xmp
\xmpinclWrite=\write3
\xmpinclRead=\read3
\openout3 = `pdfa.xmpi'.

<<pdfa.xmpi>>

Package pdfx Warning: Setting all color commands to rgb,
consistent with the Color Model for PDF/A  on input line 3126.

) (C:\Users\jacop\AppData\Local\Programs\MiKTeX\tex/latex/base\utf8.def
File: utf8.def 2022/06/07 v1.3c UTF-8 support
Now handling font encoding OML ...
... no UTF-8 mapping file for font encoding OML
Now handling font encoding OMS ...
... processing UTF-8 mapping file for font encoding OMS

(C:\Users\jacop\AppData\Local\Programs\MiKTeX\tex/latex/base\omsenc.dfu
File: omsenc.dfu 2022/06/07 v1.3c UTF-8 support
   defining Unicode char U+00A7 (decimal 167)
   defining Unicode char U+00B6 (decimal 182)
   defining Unicode char U+00B7 (decimal 183)
   defining Unicode char U+2020 (decimal 8224)
   defining Unicode char U+2021 (decimal 8225)
   defining Unicode char U+2022 (decimal 8226)
)
Now handling font encoding OT1 ...
... processing UTF-8 mapping file for font encoding OT1

(C:\Users\jacop\AppData\Local\Programs\MiKTeX\tex/latex/base\ot1enc.dfu
File: ot1enc.dfu 2022/06/07 v1.3c UTF-8 support
   defining Unicode char U+00A0 (decimal 160)
   defining Unicode char U+00A1 (decimal 161)
   defining Unicode char U+00A3 (decimal 163)
   defining Unicode char U+00AD (decimal 173)
   defining Unicode char U+00B8 (decimal 184)
   defining Unicode char U+00BF (decimal 191)
   defining Unicode char U+00C5 (decimal 197)
   defining Unicode char U+00C6 (decimal 198)
   defining Unicode char U+00D8 (decimal 216)
   defining Unicode char U+00DF (decimal 223)
   defining Unicode char U+00E6 (decimal 230)
   defining Unicode char U+00EC (decimal 236)
   defining Unicode char U+00ED (decimal 237)
   defining Unicode char U+00EE (decimal 238)
   defining Unicode char U+00EF (decimal 239)
   defining Unicode char U+00F8 (decimal 248)
   defining Unicode char U+0131 (decimal 305)
   defining Unicode char U+0141 (decimal 321)
   defining Unicode char U+0142 (decimal 322)
   defining Unicode char U+0152 (decimal 338)
   defining Unicode char U+0153 (decimal 339)
   defining Unicode char U+0174 (decimal 372)
   defining Unicode char U+0175 (decimal 373)
   defining Unicode char U+0176 (decimal 374)
   defining Unicode char U+0177 (decimal 375)
   defining Unicode char U+0218 (decimal 536)
   defining Unicode char U+0219 (decimal 537)
   defining Unicode char U+021A (decimal 538)
   defining Unicode char U+021B (decimal 539)
   defining Unicode char U+0237 (decimal 567)
   defining Unicode char U+2013 (decimal 8211)
   defining Unicode char U+2014 (decimal 8212)
   defining Unicode char U+2018 (decimal 8216)
   defining Unicode char U+2019 (decimal 8217)
   defining Unicode char U+201C (decimal 8220)
   defining Unicode char U+201D (decimal 8221)
   defining Unicode char U+FB00 (decimal 64256)
   defining Unicode char U+FB01 (decimal 64257)
   defining Unicode char U+FB02 (decimal 64258)
   defining Unicode char U+FB03 (decimal 64259)
   defining Unicode char U+FB04 (decimal 64260)
   defining Unicode char U+FB05 (decimal 64261)
   defining Unicode char U+FB06 (decimal 64262)
)
Now handling font encoding T1 ...
... processing UTF-8 mapping file for font encoding T1

(C:\Users\jacop\AppData\Local\Programs\MiKTeX\tex/latex/base\t1enc.dfu
File: t1enc.dfu 2022/06/07 v1.3c UTF-8 support
   defining Unicode char U+00A0 (decimal 160)
   defining Unicode char U+00A1 (decimal 161)
   defining Unicode char U+00A3 (decimal 163)
   defining Unicode char U+00AB (decimal 171)
   defining Unicode char U+00AD (decimal 173)
   defining Unicode char U+00BB (decimal 187)
   defining Unicode char U+00BF (decimal 191)
   defining Unicode char U+00C0 (decimal 192)
   defining Unicode char U+00C1 (decimal 193)
   defining Unicode char U+00C2 (decimal 194)
   defining Unicode char U+00C3 (decimal 195)
   defining Unicode char U+00C4 (decimal 196)
   defining Unicode char U+00C5 (decimal 197)
   defining Unicode char U+00C6 (decimal 198)
   defining Unicode char U+00C7 (decimal 199)
   defining Unicode char U+00C8 (decimal 200)
   defining Unicode char U+00C9 (decimal 201)
   defining Unicode char U+00CA (decimal 202)
   defining Unicode char U+00CB (decimal 203)
   defining Unicode char U+00CC (decimal 204)
   defining Unicode char U+00CD (decimal 205)
   defining Unicode char U+00CE (decimal 206)
   defining Unicode char U+00CF (decimal 207)
   defining Unicode char U+00D0 (decimal 208)
   defining Unicode char U+00D1 (decimal 209)
   defining Unicode char U+00D2 (decimal 210)
   defining Unicode char U+00D3 (decimal 211)
   defining Unicode char U+00D4 (decimal 212)
   defining Unicode char U+00D5 (decimal 213)
   defining Unicode char U+00D6 (decimal 214)
   defining Unicode char U+00D8 (decimal 216)
   defining Unicode char U+00D9 (decimal 217)
   defining Unicode char U+00DA (decimal 218)
   defining Unicode char U+00DB (decimal 219)
   defining Unicode char U+00DC (decimal 220)
   defining Unicode char U+00DD (decimal 221)
   defining Unicode char U+00DE (decimal 222)
   defining Unicode char U+00DF (decimal 223)
   defining Unicode char U+00E0 (decimal 224)
   defining Unicode char U+00E1 (decimal 225)
   defining Unicode char U+00E2 (decimal 226)
   defining Unicode char U+00E3 (decimal 227)
   defining Unicode char U+00E4 (decimal 228)
   defining Unicode char U+00E5 (decimal 229)
   defining Unicode char U+00E6 (decimal 230)
   defining Unicode char U+00E7 (decimal 231)
   defining Unicode char U+00E8 (decimal 232)
   defining Unicode char U+00E9 (decimal 233)
   defining Unicode char U+00EA (decimal 234)
   defining Unicode char U+00EB (decimal 235)
   defining Unicode char U+00EC (decimal 236)
   defining Unicode char U+00ED (decimal 237)
   defining Unicode char U+00EE (decimal 238)
   defining Unicode char U+00EF (decimal 239)
   defining Unicode char U+00F0 (decimal 240)
   defining Unicode char U+00F1 (decimal 241)
   defining Unicode char U+00F2 (decimal 242)
   defining Unicode char U+00F3 (decimal 243)
   defining Unicode char U+00F4 (decimal 244)
   defining Unicode char U+00F5 (decimal 245)
   defining Unicode char U+00F6 (decimal 246)
   defining Unicode char U+00F8 (decimal 248)
   defining Unicode char U+00F9 (decimal 249)
   defining Unicode char U+00FA (decimal 250)
   defining Unicode char U+00FB (decimal 251)
   defining Unicode char U+00FC (decimal 252)
   defining Unicode char U+00FD (decimal 253)
   defining Unicode char U+00FE (decimal 254)
   defining Unicode char U+00FF (decimal 255)
   defining Unicode char U+0100 (decimal 256)
   defining Unicode char U+0101 (decimal 257)
   defining Unicode char U+0102 (decimal 258)
   defining Unicode char U+0103 (decimal 259)
   defining Unicode char U+0104 (decimal 260)
   defining Unicode char U+0105 (decimal 261)
   defining Unicode char U+0106 (decimal 262)
   defining Unicode char U+0107 (decimal 263)
   defining Unicode char U+0108 (decimal 264)
   defining Unicode char U+0109 (decimal 265)
   defining Unicode char U+010A (decimal 266)
   defining Unicode char U+010B (decimal 267)
   defining Unicode char U+010C (decimal 268)
   defining Unicode char U+010D (decimal 269)
   defining Unicode char U+010E (decimal 270)
   defining Unicode char U+010F (decimal 271)
   defining Unicode char U+0110 (decimal 272)
   defining Unicode char U+0111 (decimal 273)
   defining Unicode char U+0112 (decimal 274)
   defining Unicode char U+0113 (decimal 275)
   defining Unicode char U+0114 (decimal 276)
   defining Unicode char U+0115 (decimal 277)
   defining Unicode char U+0116 (decimal 278)
   defining Unicode char U+0117 (decimal 279)
   defining Unicode char U+0118 (decimal 280)
   defining Unicode char U+0119 (decimal 281)
   defining Unicode char U+011A (decimal 282)
   defining Unicode char U+011B (decimal 283)
   defining Unicode char U+011C (decimal 284)
   defining Unicode char U+011D (decimal 285)
   defining Unicode char U+011E (decimal 286)
   defining Unicode char U+011F (decimal 287)
   defining Unicode char U+0120 (decimal 288)
   defining Unicode char U+0121 (decimal 289)
   defining Unicode char U+0122 (decimal 290)
   defining Unicode char U+0123 (decimal 291)
   defining Unicode char U+0124 (decimal 292)
   defining Unicode char U+0125 (decimal 293)
   defining Unicode char U+0128 (decimal 296)
   defining Unicode char U+0129 (decimal 297)
   defining Unicode char U+012A (decimal 298)
   defining Unicode char U+012B (decimal 299)
   defining Unicode char U+012C (decimal 300)
   defining Unicode char U+012D (decimal 301)
   defining Unicode char U+012E (decimal 302)
   defining Unicode char U+012F (decimal 303)
   defining Unicode char U+0130 (decimal 304)
   defining Unicode char U+0131 (decimal 305)
   defining Unicode char U+0132 (decimal 306)
   defining Unicode char U+0133 (decimal 307)
   defining Unicode char U+0134 (decimal 308)
   defining Unicode char U+0135 (decimal 309)
   defining Unicode char U+0136 (decimal 310)
   defining Unicode char U+0137 (decimal 311)
   defining Unicode char U+0139 (decimal 313)
   defining Unicode char U+013A (decimal 314)
   defining Unicode char U+013B (decimal 315)
   defining Unicode char U+013C (decimal 316)
   defining Unicode char U+013D (decimal 317)
   defining Unicode char U+013E (decimal 318)
   defining Unicode char U+0141 (decimal 321)
   defining Unicode char U+0142 (decimal 322)
   defining Unicode char U+0143 (decimal 323)
   defining Unicode char U+0144 (decimal 324)
   defining Unicode char U+0145 (decimal 325)
   defining Unicode char U+0146 (decimal 326)
   defining Unicode char U+0147 (decimal 327)
   defining Unicode char U+0148 (decimal 328)
   defining Unicode char U+014A (decimal 330)
   defining Unicode char U+014B (decimal 331)
   defining Unicode char U+014C (decimal 332)
   defining Unicode char U+014D (decimal 333)
   defining Unicode char U+014E (decimal 334)
   defining Unicode char U+014F (decimal 335)
   defining Unicode char U+0150 (decimal 336)
   defining Unicode char U+0151 (decimal 337)
   defining Unicode char U+0152 (decimal 338)
   defining Unicode char U+0153 (decimal 339)
   defining Unicode char U+0154 (decimal 340)
   defining Unicode char U+0155 (decimal 341)
   defining Unicode char U+0156 (decimal 342)
   defining Unicode char U+0157 (decimal 343)
   defining Unicode char U+0158 (decimal 344)
   defining Unicode char U+0159 (decimal 345)
   defining Unicode char U+015A (decimal 346)
   defining Unicode char U+015B (decimal 347)
   defining Unicode char U+015C (decimal 348)
   defining Unicode char U+015D (decimal 349)
   defining Unicode char U+015E (decimal 350)
   defining Unicode char U+015F (decimal 351)
   defining Unicode char U+0160 (decimal 352)
   defining Unicode char U+0161 (decimal 353)
   defining Unicode char U+0162 (decimal 354)
   defining Unicode char U+0163 (decimal 355)
   defining Unicode char U+0164 (decimal 356)
   defining Unicode char U+0165 (decimal 357)
   defining Unicode char U+0168 (decimal 360)
   defining Unicode char U+0169 (decimal 361)
   defining Unicode char U+016A (decimal 362)
   defining Unicode char U+016B (decimal 363)
   defining Unicode char U+016C (decimal 364)
   defining Unicode char U+016D (decimal 365)
   defining Unicode char U+016E (decimal 366)
   defining Unicode char U+016F (decimal 367)
   defining Unicode char U+0170 (decimal 368)
   defining Unicode char U+0171 (decimal 369)
   defining Unicode char U+0172 (decimal 370)
   defining Unicode char U+0173 (decimal 371)
   defining Unicode char U+0174 (decimal 372)
   defining Unicode char U+0175 (decimal 373)
   defining Unicode char U+0176 (decimal 374)
   defining Unicode char U+0177 (decimal 375)
   defining Unicode char U+0178 (decimal 376)
   defining Unicode char U+0179 (decimal 377)
   defining Unicode char U+017A (decimal 378)
   defining Unicode char U+017B (decimal 379)
   defining Unicode char U+017C (decimal 380)
   defining Unicode char U+017D (decimal 381)
   defining Unicode char U+017E (decimal 382)
   defining Unicode char U+01C4 (decimal 452)
   defining Unicode char U+01C5 (decimal 453)
   defining Unicode char U+01C6 (decimal 454)
   defining Unicode char U+01C7 (decimal 455)
   defining Unicode char U+01C8 (decimal 456)
   defining Unicode char U+01C9 (decimal 457)
   defining Unicode char U+01CA (decimal 458)
   defining Unicode char U+01CB (decimal 459)
   defining Unicode char U+01CC (decimal 460)
   defining Unicode char U+01CD (decimal 461)
   defining Unicode char U+01CE (decimal 462)
   defining Unicode char U+01CF (decimal 463)
   defining Unicode char U+01D0 (decimal 464)
   defining Unicode char U+01D1 (decimal 465)
   defining Unicode char U+01D2 (decimal 466)
   defining Unicode char U+01D3 (decimal 467)
   defining Unicode char U+01D4 (decimal 468)
   defining Unicode char U+01E2 (decimal 482)
   defining Unicode char U+01E3 (decimal 483)
   defining Unicode char U+01E6 (decimal 486)
   defining Unicode char U+01E7 (decimal 487)
   defining Unicode char U+01E8 (decimal 488)
   defining Unicode char U+01E9 (decimal 489)
   defining Unicode char U+01EA (decimal 490)
   defining Unicode char U+01EB (decimal 491)
   defining Unicode char U+01F0 (decimal 496)
   defining Unicode char U+01F4 (decimal 500)
   defining Unicode char U+01F5 (decimal 501)
   defining Unicode char U+0218 (decimal 536)
   defining Unicode char U+0219 (decimal 537)
   defining Unicode char U+021A (decimal 538)
   defining Unicode char U+021B (decimal 539)
   defining Unicode char U+0232 (decimal 562)
   defining Unicode char U+0233 (decimal 563)
   defining Unicode char U+0237 (decimal 567)
   defining Unicode char U+02D9 (decimal 729)
   defining Unicode char U+02DB (decimal 731)
   defining Unicode char U+1E02 (decimal 7682)
   defining Unicode char U+1E03 (decimal 7683)
   defining Unicode char U+1E0D (decimal 7693)
   defining Unicode char U+1E1E (decimal 7710)
   defining Unicode char U+1E1F (decimal 7711)
   defining Unicode char U+1E25 (decimal 7717)
   defining Unicode char U+1E30 (decimal 7728)
   defining Unicode char U+1E31 (decimal 7729)
   defining Unicode char U+1E37 (decimal 7735)
   defining Unicode char U+1E8E (decimal 7822)
   defining Unicode char U+1E8F (decimal 7823)
   defining Unicode char U+1E43 (decimal 7747)
   defining Unicode char U+1E45 (decimal 7749)
   defining Unicode char U+1E47 (decimal 7751)
   defining Unicode char U+1E5B (decimal 7771)
   defining Unicode char U+1E63 (decimal 7779)
   defining Unicode char U+1E6D (decimal 7789)
   defining Unicode char U+1E90 (decimal 7824)
   defining Unicode char U+1E91 (decimal 7825)
   defining Unicode char U+1E9E (decimal 7838)
   defining Unicode char U+1EF2 (decimal 7922)
   defining Unicode char U+1EF3 (decimal 7923)
   defining Unicode char U+200C (decimal 8204)
   defining Unicode char U+2010 (decimal 8208)
   defining Unicode char U+2011 (decimal 8209)
   defining Unicode char U+2012 (decimal 8210)
   defining Unicode char U+2013 (decimal 8211)
   defining Unicode char U+2014 (decimal 8212)
   defining Unicode char U+2015 (decimal 8213)
   defining Unicode char U+2018 (decimal 8216)
   defining Unicode char U+2019 (decimal 8217)
   defining Unicode char U+201A (decimal 8218)
   defining Unicode char U+201C (decimal 8220)
   defining Unicode char U+201D (decimal 8221)
   defining Unicode char U+201E (decimal 8222)
   defining Unicode char U+2030 (decimal 8240)
   defining Unicode char U+2031 (decimal 8241)
   defining Unicode char U+2039 (decimal 8249)
   defining Unicode char U+203A (decimal 8250)
   defining Unicode char U+2423 (decimal 9251)
   defining Unicode char U+1E20 (decimal 7712)
   defining Unicode char U+1E21 (decimal 7713)
   defining Unicode char U+FB00 (decimal 64256)
   defining Unicode char U+FB01 (decimal 64257)
   defining Unicode char U+FB02 (decimal 64258)
   defining Unicode char U+FB03 (decimal 64259)
   defining Unicode char U+FB04 (decimal 64260)
   defining Unicode char U+FB05 (decimal 64261)
   defining Unicode char U+FB06 (decimal 64262)
)
Now handling font encoding TS1 ...
... processing UTF-8 mapping file for font encoding TS1

(C:\Users\jacop\AppData\Local\Programs\MiKTeX\tex/latex/base\ts1enc.dfu
File: ts1enc.dfu 2022/06/07 v1.3c UTF-8 support
   defining Unicode char U+00A2 (decimal 162)
   defining Unicode char U+00A3 (decimal 163)
   defining Unicode char U+00A4 (decimal 164)
   defining Unicode char U+00A5 (decimal 165)
   defining Unicode char U+00A6 (decimal 166)
   defining Unicode char U+00A7 (decimal 167)
   defining Unicode char U+00A8 (decimal 168)
   defining Unicode char U+00A9 (decimal 169)
   defining Unicode char U+00AA (decimal 170)
   defining Unicode char U+00AC (decimal 172)
   defining Unicode char U+00AE (decimal 174)
   defining Unicode char U+00AF (decimal 175)
   defining Unicode char U+00B0 (decimal 176)
   defining Unicode char U+00B1 (decimal 177)
   defining Unicode char U+00B2 (decimal 178)
   defining Unicode char U+00B3 (decimal 179)
   defining Unicode char U+00B4 (decimal 180)
   defining Unicode char U+00B5 (decimal 181)
   defining Unicode char U+00B6 (decimal 182)
   defining Unicode char U+00B7 (decimal 183)
   defining Unicode char U+00B9 (decimal 185)
   defining Unicode char U+00BA (decimal 186)
   defining Unicode char U+00BC (decimal 188)
   defining Unicode char U+00BD (decimal 189)
   defining Unicode char U+00BE (decimal 190)
   defining Unicode char U+00D7 (decimal 215)
   defining Unicode char U+00F7 (decimal 247)
   defining Unicode char U+0192 (decimal 402)
   defining Unicode char U+02C7 (decimal 711)
   defining Unicode char U+02D8 (decimal 728)
   defining Unicode char U+02DD (decimal 733)
   defining Unicode char U+0E3F (decimal 3647)
   defining Unicode char U+2016 (decimal 8214)
   defining Unicode char U+2020 (decimal 8224)
   defining Unicode char U+2021 (decimal 8225)
   defining Unicode char U+2022 (decimal 8226)
   defining Unicode char U+2030 (decimal 8240)
   defining Unicode char U+2031 (decimal 8241)
   defining Unicode char U+203B (decimal 8251)
   defining Unicode char U+203D (decimal 8253)
   defining Unicode char U+2044 (decimal 8260)
   defining Unicode char U+204E (decimal 8270)
   defining Unicode char U+2052 (decimal 8274)
   defining Unicode char U+20A1 (decimal 8353)
   defining Unicode char U+20A4 (decimal 8356)
   defining Unicode char U+20A6 (decimal 8358)
   defining Unicode char U+20A9 (decimal 8361)
   defining Unicode char U+20AB (decimal 8363)
   defining Unicode char U+20AC (decimal 8364)
   defining Unicode char U+20B1 (decimal 8369)
   defining Unicode char U+2103 (decimal 8451)
   defining Unicode char U+2116 (decimal 8470)
   defining Unicode char U+2117 (decimal 8471)
   defining Unicode char U+211E (decimal 8478)
   defining Unicode char U+2120 (decimal 8480)
   defining Unicode char U+2122 (decimal 8482)
   defining Unicode char U+2126 (decimal 8486)
   defining Unicode char U+2127 (decimal 8487)
   defining Unicode char U+212E (decimal 8494)
   defining Unicode char U+2190 (decimal 8592)
   defining Unicode char U+2191 (decimal 8593)
   defining Unicode char U+2192 (decimal 8594)
   defining Unicode char U+2193 (decimal 8595)
   defining Unicode char U+2329 (decimal 9001)
   defining Unicode char U+3008 (decimal 12296)
   defining Unicode char U+232A (decimal 9002)
   defining Unicode char U+3009 (decimal 12297)
   defining Unicode char U+2422 (decimal 9250)
   defining Unicode char U+25E6 (decimal 9702)
   defining Unicode char U+25EF (decimal 9711)
   defining Unicode char U+266A (decimal 9834)
   defining Unicode char U+27E8 (decimal 10216)
   defining Unicode char U+27E9 (decimal 10217)
   defining Unicode char U+FEFF (decimal 65279)
)
Now handling font encoding OMX ...
... no UTF-8 mapping file for font encoding OMX
Now handling font encoding U ...
... no UTF-8 mapping file for font encoding U
Now handling font encoding PD1 ...
... no UTF-8 mapping file for font encoding PD1
Now handling font encoding PU ...
... no UTF-8 mapping file for font encoding PU
   defining Unicode char U+00A9 (decimal 169)
   defining Unicode char U+00AA (decimal 170)
   defining Unicode char U+00AE (decimal 174)
   defining Unicode char U+00BA (decimal 186)
   defining Unicode char U+02C6 (decimal 710)
   defining Unicode char U+02DC (decimal 732)
   defining Unicode char U+200C (decimal 8204)
   defining Unicode char U+2026 (decimal 8230)
   defining Unicode char U+2122 (decimal 8482)
   defining Unicode char U+2423 (decimal 9251)
   defining Unicode char U+FEFF (decimal 65279)
)

Package pdfx Warning: Color Model already set for PDF/A,
cannot change to natural  on input line 63.


(C:\Users\jacop\AppData\Local\Programs\MiKTeX\tex/latex/ninecolors\ninecolors.s
ty
Package: ninecolors 2022-02-13 v2022D Select colors with proper color contrast
)

Package pdfx Warning: Color Model already set for PDF/A,
cannot change to rgb  on input line 65.

(C:\Users\jacop\AppData\Local\Programs\MiKTeX\tex/latex/graphics\graphicx.sty
Package: graphicx 2024/12/31 v1.2e Enhanced LaTeX Graphics (DPC,SPQR)

(C:\Users\jacop\AppData\Local\Programs\MiKTeX\tex/latex/graphics\graphics.sty
Package: graphics 2024/08/06 v1.4g Standard LaTeX Graphics (DPC,SPQR)

(C:\Users\jacop\AppData\Local\Programs\MiKTeX\tex/latex/graphics\trig.sty
Package: trig 2023/12/02 v1.11 sin cos tan (DPC)
)
(C:\Users\jacop\AppData\Local\Programs\MiKTeX\tex/latex/graphics-cfg\graphics.c
fg
File: graphics.cfg 2016/06/04 v1.11 sample graphics configuration
)
Package graphics Info: Driver file: pdftex.def on input line 106.
)
\Gin@req@height=\dimen183
\Gin@req@width=\dimen184
)
(C:\Users\jacop\AppData\Local\Programs\MiKTeX\tex/latex/amsmath\amsmath.sty
Package: amsmath 2025/06/16 v2.17y AMS math features
\@mathmargin=\skip57

For additional information on amsmath, use the `?' option.
(C:\Users\jacop\AppData\Local\Programs\MiKTeX\tex/latex/amsmath\amstext.sty
Package: amstext 2024/11/17 v2.01 AMS text

(C:\Users\jacop\AppData\Local\Programs\MiKTeX\tex/latex/amsmath\amsgen.sty
File: amsgen.sty 1999/11/30 v2.0 generic functions
\@emptytoks=\toks29
\ex@=\dimen185
))
(C:\Users\jacop\AppData\Local\Programs\MiKTeX\tex/latex/amsmath\amsbsy.sty
Package: amsbsy 1999/11/29 v1.2d Bold Symbols
\pmbraise@=\dimen186
)
(C:\Users\jacop\AppData\Local\Programs\MiKTeX\tex/latex/amsmath\amsopn.sty
Package: amsopn 2022/04/08 v2.04 operator names
)
\inf@bad=\count309
LaTeX Info: Redefining \frac on input line 233.
\uproot@=\count310
\leftroot@=\count311
LaTeX Info: Redefining \overline on input line 398.
LaTeX Info: Redefining \colon on input line 409.
\classnum@=\count312
\DOTSCASE@=\count313
LaTeX Info: Redefining \ldots on input line 495.
LaTeX Info: Redefining \dots on input line 498.
LaTeX Info: Redefining \cdots on input line 619.
\Mathstrutbox@=\box56
\strutbox@=\box57
LaTeX Info: Redefining \big on input line 721.
LaTeX Info: Redefining \Big on input line 722.
LaTeX Info: Redefining \bigg on input line 723.
LaTeX Info: Redefining \Bigg on input line 724.
\big@size=\dimen187
LaTeX Font Info:    Redeclaring font encoding OML on input line 742.
LaTeX Font Info:    Redeclaring font encoding OMS on input line 743.
\macc@depth=\count314
LaTeX Info: Redefining \bmod on input line 904.
LaTeX Info: Redefining \pmod on input line 909.
LaTeX Info: Redefining \smash on input line 939.
LaTeX Info: Redefining \relbar on input line 969.
LaTeX Info: Redefining \Relbar on input line 970.
\c@MaxMatrixCols=\count315
\dotsspace@=\muskip18
\c@parentequation=\count316
\dspbrk@lvl=\count317
\tag@help=\toks30
\row@=\count318
\column@=\count319
\maxfields@=\count320
\andhelp@=\toks31
\eqnshift@=\dimen188
\alignsep@=\dimen189
\tagshift@=\dimen190
\tagwidth@=\dimen191
\totwidth@=\dimen192
\lineht@=\dimen193
\@envbody=\toks32
\multlinegap=\skip58
\multlinetaggap=\skip59
\mathdisplay@stack=\toks33
LaTeX Info: Redefining \[ on input line 2949.
LaTeX Info: Redefining \] on input line 2950.
)
(C:\Users\jacop\AppData\Local\Programs\MiKTeX\tex/latex/braket\braket.sty)
(C:\Users\jacop\AppData\Local\Programs\MiKTeX\tex/latex/cancel\cancel.sty
Package: cancel 2013/04/12 v2.2 Cancel math terms
)
(C:\Users\jacop\AppData\Local\Programs\MiKTeX\tex/latex/bigints\bigints.sty
Package: bigints 2010/02/15 Writing big integrals
Package bigints Info: This is Bigints by Merciadri Luca. on input line 5.
)
(C:\Users\jacop\AppData\Local\Programs\MiKTeX\tex/latex/makecell\makecell.sty
Package: makecell 2009/08/03 V0.1e Managing of Tab Column Heads and Cells
\rotheadsize=\dimen194
\c@nlinenum=\count321
\TeXr@lab=\toks34
)
(C:\Users\jacop\AppData\Local\Programs\MiKTeX\tex/latex/mathalpha\mathalfa.sty)

(C:\Users\jacop\AppData\Local\Programs\MiKTeX\tex/latex/mathalpha\mathalpha.sty
Package: mathalpha 2025/01/17 - 1.145mathalpha (License LPPL) Michael Sharpe
`mathalpha' v1.145, 2025/01/17, a renaming of mathalfa (msharpe)
LaTeX Font Info:    Overwriting math alphabet `\mathbb' in version `bold'
(Font)                  U/BOONDOX-ds/m/n --> U/BOONDOX-ds/b/n on input line 209
.
)
(C:\Users\jacop\AppData\Local\Programs\MiKTeX\tex/latex/doublestroke\dsfont.sty
Package: dsfont 1995/08/01 v0.1 Double stroke roman fonts
)
(C:\Users\jacop\AppData\Local\Programs\MiKTeX\tex/generic/witharrows\witharrows
.sty
(C:\Users\jacop\AppData\Local\Programs\MiKTeX\tex/latex/pgf/frontendlayer\tikz.
sty
(C:\Users\jacop\AppData\Local\Programs\MiKTeX\tex/latex/pgf/basiclayer\pgf.sty
(C:\Users\jacop\AppData\Local\Programs\MiKTeX\tex/latex/pgf/utilities\pgfrcs.st
y
(C:\Users\jacop\AppData\Local\Programs\MiKTeX\tex/generic/pgf/utilities\pgfutil
-common.tex
\pgfutil@everybye=\toks35
\pgfutil@tempdima=\dimen195
\pgfutil@tempdimb=\dimen196
)
(C:\Users\jacop\AppData\Local\Programs\MiKTeX\tex/generic/pgf/utilities\pgfutil
-latex.def
\pgfutil@abb=\box58
)
(C:\Users\jacop\AppData\Local\Programs\MiKTeX\tex/generic/pgf/utilities\pgfrcs.
code.tex
(C:\Users\jacop\AppData\Local\Programs\MiKTeX\tex/generic/pgf\pgf.revision.tex)
Package: pgfrcs 2025-08-29 v3.1.11a (3.1.11a)
))
Package: pgf 2025-08-29 v3.1.11a (3.1.11a)

(C:\Users\jacop\AppData\Local\Programs\MiKTeX\tex/latex/pgf/basiclayer\pgfcore.
sty
(C:\Users\jacop\AppData\Local\Programs\MiKTeX\tex/latex/pgf/systemlayer\pgfsys.
sty
(C:\Users\jacop\AppData\Local\Programs\MiKTeX\tex/generic/pgf/systemlayer\pgfsy
s.code.tex
Package: pgfsys 2025-08-29 v3.1.11a (3.1.11a)

(C:\Users\jacop\AppData\Local\Programs\MiKTeX\tex/generic/pgf/utilities\pgfkeys
.code.tex
\pgfkeys@pathtoks=\toks36
\pgfkeys@temptoks=\toks37

(C:\Users\jacop\AppData\Local\Programs\MiKTeX\tex/generic/pgf/utilities\pgfkeys
libraryfiltered.code.tex
\pgfkeys@tmptoks=\toks38
))
\pgf@x=\dimen197
\pgf@y=\dimen198
\pgf@xa=\dimen199
\pgf@ya=\dimen256
\pgf@xb=\dimen257
\pgf@yb=\dimen258
\pgf@xc=\dimen259
\pgf@yc=\dimen260
\pgf@xd=\dimen261
\pgf@yd=\dimen262
\w@pgf@writea=\write4
\r@pgf@reada=\read4
\c@pgf@counta=\count322
\c@pgf@countb=\count323
\c@pgf@countc=\count324
\c@pgf@countd=\count325
\t@pgf@toka=\toks39
\t@pgf@tokb=\toks40
\t@pgf@tokc=\toks41
\pgf@sys@id@count=\count326

(C:\Users\jacop\AppData\Local\Programs\MiKTeX\tex/generic/pgf/systemlayer\pgf.c
fg
File: pgf.cfg 2025-08-29 v3.1.11a (3.1.11a)
)
Driver file for pgf: pgfsys-pdftex.def

(C:\Users\jacop\AppData\Local\Programs\MiKTeX\tex/generic/pgf/systemlayer\pgfsy
s-pdftex.def
File: pgfsys-pdftex.def 2025-08-29 v3.1.11a (3.1.11a)

(C:\Users\jacop\AppData\Local\Programs\MiKTeX\tex/generic/pgf/systemlayer\pgfsy
s-common-pdf.def
File: pgfsys-common-pdf.def 2025-08-29 v3.1.11a (3.1.11a)
)))
(C:\Users\jacop\AppData\Local\Programs\MiKTeX\tex/generic/pgf/systemlayer\pgfsy
ssoftpath.code.tex
File: pgfsyssoftpath.code.tex 2025-08-29 v3.1.11a (3.1.11a)
\pgfsyssoftpath@smallbuffer@items=\count327
\pgfsyssoftpath@bigbuffer@items=\count328
)
(C:\Users\jacop\AppData\Local\Programs\MiKTeX\tex/generic/pgf/systemlayer\pgfsy
sprotocol.code.tex
File: pgfsysprotocol.code.tex 2025-08-29 v3.1.11a (3.1.11a)
))
(C:\Users\jacop\AppData\Local\Programs\MiKTeX\tex/generic/pgf/basiclayer\pgfcor
e.code.tex
Package: pgfcore 2025-08-29 v3.1.11a (3.1.11a)

(C:\Users\jacop\AppData\Local\Programs\MiKTeX\tex/generic/pgf/math\pgfmath.code
.tex
(C:\Users\jacop\AppData\Local\Programs\MiKTeX\tex/generic/pgf/math\pgfmathutil.
code.tex)
(C:\Users\jacop\AppData\Local\Programs\MiKTeX\tex/generic/pgf/math\pgfmathparse
r.code.tex
\pgfmath@dimen=\dimen263
\pgfmath@count=\count329
\pgfmath@box=\box59
\pgfmath@toks=\toks42
\pgfmath@stack@operand=\toks43
\pgfmath@stack@operation=\toks44
)
(C:\Users\jacop\AppData\Local\Programs\MiKTeX\tex/generic/pgf/math\pgfmathfunct
ions.code.tex)
(C:\Users\jacop\AppData\Local\Programs\MiKTeX\tex/generic/pgf/math\pgfmathfunct
ions.basic.code.tex)
(C:\Users\jacop\AppData\Local\Programs\MiKTeX\tex/generic/pgf/math\pgfmathfunct
ions.trigonometric.code.tex)
(C:\Users\jacop\AppData\Local\Programs\MiKTeX\tex/generic/pgf/math\pgfmathfunct
ions.random.code.tex)
(C:\Users\jacop\AppData\Local\Programs\MiKTeX\tex/generic/pgf/math\pgfmathfunct
ions.comparison.code.tex)
(C:\Users\jacop\AppData\Local\Programs\MiKTeX\tex/generic/pgf/math\pgfmathfunct
ions.base.code.tex)
(C:\Users\jacop\AppData\Local\Programs\MiKTeX\tex/generic/pgf/math\pgfmathfunct
ions.round.code.tex)
(C:\Users\jacop\AppData\Local\Programs\MiKTeX\tex/generic/pgf/math\pgfmathfunct
ions.misc.code.tex)
(C:\Users\jacop\AppData\Local\Programs\MiKTeX\tex/generic/pgf/math\pgfmathfunct
ions.integerarithmetics.code.tex)
(C:\Users\jacop\AppData\Local\Programs\MiKTeX\tex/generic/pgf/math\pgfmathcalc.
code.tex)
(C:\Users\jacop\AppData\Local\Programs\MiKTeX\tex/generic/pgf/math\pgfmathfloat
.code.tex
\c@pgfmathroundto@lastzeros=\count330
))
(C:\Users\jacop\AppData\Local\Programs\MiKTeX\tex/generic/pgf/math\pgfint.code.
tex)
(C:\Users\jacop\AppData\Local\Programs\MiKTeX\tex/generic/pgf/basiclayer\pgfcor
epoints.code.tex
File: pgfcorepoints.code.tex 2025-08-29 v3.1.11a (3.1.11a)
\pgf@picminx=\dimen264
\pgf@picmaxx=\dimen265
\pgf@picminy=\dimen266
\pgf@picmaxy=\dimen267
\pgf@pathminx=\dimen268
\pgf@pathmaxx=\dimen269
\pgf@pathminy=\dimen270
\pgf@pathmaxy=\dimen271
\pgf@xx=\dimen272
\pgf@xy=\dimen273
\pgf@yx=\dimen274
\pgf@yy=\dimen275
\pgf@zx=\dimen276
\pgf@zy=\dimen277
)
(C:\Users\jacop\AppData\Local\Programs\MiKTeX\tex/generic/pgf/basiclayer\pgfcor
epathconstruct.code.tex
File: pgfcorepathconstruct.code.tex 2025-08-29 v3.1.11a (3.1.11a)
\pgf@path@lastx=\dimen278
\pgf@path@lasty=\dimen279
)
(C:\Users\jacop\AppData\Local\Programs\MiKTeX\tex/generic/pgf/basiclayer\pgfcor
epathusage.code.tex
File: pgfcorepathusage.code.tex 2025-08-29 v3.1.11a (3.1.11a)
\pgf@shorten@end@additional=\dimen280
\pgf@shorten@start@additional=\dimen281
)
(C:\Users\jacop\AppData\Local\Programs\MiKTeX\tex/generic/pgf/basiclayer\pgfcor
escopes.code.tex
File: pgfcorescopes.code.tex 2025-08-29 v3.1.11a (3.1.11a)
\pgfpic=\box60
\pgf@hbox=\box61
\pgf@layerbox@main=\box62
\pgf@picture@serial@count=\count331
)
(C:\Users\jacop\AppData\Local\Programs\MiKTeX\tex/generic/pgf/basiclayer\pgfcor
egraphicstate.code.tex
File: pgfcoregraphicstate.code.tex 2025-08-29 v3.1.11a (3.1.11a)
\pgflinewidth=\dimen282
)
(C:\Users\jacop\AppData\Local\Programs\MiKTeX\tex/generic/pgf/basiclayer\pgfcor
etransformations.code.tex
File: pgfcoretransformations.code.tex 2025-08-29 v3.1.11a (3.1.11a)
\pgf@pt@x=\dimen283
\pgf@pt@y=\dimen284
\pgf@pt@temp=\dimen285
)
(C:\Users\jacop\AppData\Local\Programs\MiKTeX\tex/generic/pgf/basiclayer\pgfcor
equick.code.tex
File: pgfcorequick.code.tex 2025-08-29 v3.1.11a (3.1.11a)
)
(C:\Users\jacop\AppData\Local\Programs\MiKTeX\tex/generic/pgf/basiclayer\pgfcor
eobjects.code.tex
File: pgfcoreobjects.code.tex 2025-08-29 v3.1.11a (3.1.11a)
)
(C:\Users\jacop\AppData\Local\Programs\MiKTeX\tex/generic/pgf/basiclayer\pgfcor
epathprocessing.code.tex
File: pgfcorepathprocessing.code.tex 2025-08-29 v3.1.11a (3.1.11a)
)
(C:\Users\jacop\AppData\Local\Programs\MiKTeX\tex/generic/pgf/basiclayer\pgfcor
earrows.code.tex
File: pgfcorearrows.code.tex 2025-08-29 v3.1.11a (3.1.11a)
\pgfarrowsep=\dimen286
)
(C:\Users\jacop\AppData\Local\Programs\MiKTeX\tex/generic/pgf/basiclayer\pgfcor
eshade.code.tex
File: pgfcoreshade.code.tex 2025-08-29 v3.1.11a (3.1.11a)
\pgf@max=\dimen287
\pgf@sys@shading@range@num=\count332
\pgf@shadingcount=\count333
)
(C:\Users\jacop\AppData\Local\Programs\MiKTeX\tex/generic/pgf/basiclayer\pgfcor
eimage.code.tex
File: pgfcoreimage.code.tex 2025-08-29 v3.1.11a (3.1.11a)
)
(C:\Users\jacop\AppData\Local\Programs\MiKTeX\tex/generic/pgf/basiclayer\pgfcor
eexternal.code.tex
File: pgfcoreexternal.code.tex 2025-08-29 v3.1.11a (3.1.11a)
\pgfexternal@startupbox=\box63
)
(C:\Users\jacop\AppData\Local\Programs\MiKTeX\tex/generic/pgf/basiclayer\pgfcor
elayers.code.tex
File: pgfcorelayers.code.tex 2025-08-29 v3.1.11a (3.1.11a)
)
(C:\Users\jacop\AppData\Local\Programs\MiKTeX\tex/generic/pgf/basiclayer\pgfcor
etransparency.code.tex
File: pgfcoretransparency.code.tex 2025-08-29 v3.1.11a (3.1.11a)
)
(C:\Users\jacop\AppData\Local\Programs\MiKTeX\tex/generic/pgf/basiclayer\pgfcor
epatterns.code.tex
File: pgfcorepatterns.code.tex 2025-08-29 v3.1.11a (3.1.11a)
)
(C:\Users\jacop\AppData\Local\Programs\MiKTeX\tex/generic/pgf/basiclayer\pgfcor
erdf.code.tex
File: pgfcorerdf.code.tex 2025-08-29 v3.1.11a (3.1.11a)
)))
(C:\Users\jacop\AppData\Local\Programs\MiKTeX\tex/generic/pgf/modules\pgfmodule
shapes.code.tex
File: pgfmoduleshapes.code.tex 2025-08-29 v3.1.11a (3.1.11a)
\pgfnodeparttextbox=\box64
)
(C:\Users\jacop\AppData\Local\Programs\MiKTeX\tex/generic/pgf/modules\pgfmodule
plot.code.tex
File: pgfmoduleplot.code.tex 2025-08-29 v3.1.11a (3.1.11a)
)
(C:\Users\jacop\AppData\Local\Programs\MiKTeX\tex/latex/pgf/compatibility\pgfco
mp-version-0-65.sty
Package: pgfcomp-version-0-65 2025-08-29 v3.1.11a (3.1.11a)
\pgf@nodesepstart=\dimen288
\pgf@nodesepend=\dimen289
)
(C:\Users\jacop\AppData\Local\Programs\MiKTeX\tex/latex/pgf/compatibility\pgfco
mp-version-1-18.sty
Package: pgfcomp-version-1-18 2025-08-29 v3.1.11a (3.1.11a)
))
(C:\Users\jacop\AppData\Local\Programs\MiKTeX\tex/latex/pgf/utilities\pgffor.st
y
(C:\Users\jacop\AppData\Local\Programs\MiKTeX\tex/latex/pgf/utilities\pgfkeys.s
ty
(C:\Users\jacop\AppData\Local\Programs\MiKTeX\tex/generic/pgf/utilities\pgfkeys
.code.tex))
(C:\Users\jacop\AppData\Local\Programs\MiKTeX\tex/latex/pgf/math\pgfmath.sty
(C:\Users\jacop\AppData\Local\Programs\MiKTeX\tex/generic/pgf/math\pgfmath.code
.tex))
(C:\Users\jacop\AppData\Local\Programs\MiKTeX\tex/generic/pgf/utilities\pgffor.
code.tex
Package: pgffor 2025-08-29 v3.1.11a (3.1.11a)
\pgffor@iter=\dimen290
\pgffor@skip=\dimen291
\pgffor@stack=\toks45
\pgffor@toks=\toks46
))
(C:\Users\jacop\AppData\Local\Programs\MiKTeX\tex/generic/pgf/frontendlayer/tik
z\tikz.code.tex
Package: tikz 2025-08-29 v3.1.11a (3.1.11a)

(C:\Users\jacop\AppData\Local\Programs\MiKTeX\tex/generic/pgf/libraries\pgflibr
aryplothandlers.code.tex
File: pgflibraryplothandlers.code.tex 2025-08-29 v3.1.11a (3.1.11a)
\pgf@plot@mark@count=\count334
\pgfplotmarksize=\dimen292
)
\tikz@lastx=\dimen293
\tikz@lasty=\dimen294
\tikz@lastxsaved=\dimen295
\tikz@lastysaved=\dimen296
\tikz@lastmovetox=\dimen297
\tikz@lastmovetoy=\dimen298
\tikzleveldistance=\dimen299
\tikzsiblingdistance=\dimen300
\tikz@figbox=\box65
\tikz@figbox@bg=\box66
\tikz@tempbox=\box67
\tikz@tempbox@bg=\box68
\tikztreelevel=\count335
\tikznumberofchildren=\count336
\tikznumberofcurrentchild=\count337
\tikz@fig@count=\count338

(C:\Users\jacop\AppData\Local\Programs\MiKTeX\tex/generic/pgf/modules\pgfmodule
matrix.code.tex
File: pgfmodulematrix.code.tex 2025-08-29 v3.1.11a (3.1.11a)
\pgfmatrixcurrentrow=\count339
\pgfmatrixcurrentcolumn=\count340
\pgf@matrix@numberofcolumns=\count341
)
\tikz@expandcount=\count342

(C:\Users\jacop\AppData\Local\Programs\MiKTeX\tex/generic/pgf/frontendlayer/tik
z/libraries\tikzlibrarytopaths.code.tex
File: tikzlibrarytopaths.code.tex 2025-08-29 v3.1.11a (3.1.11a)
)))
(C:\Users\jacop\AppData\Local\Programs\MiKTeX\tex/generic/pgf/libraries\pgflibr
aryarrows.meta.code.tex
File: pgflibraryarrows.meta.code.tex 2025-08-29 v3.1.11a (3.1.11a)
\pgfarrowinset=\dimen301
\pgfarrowlength=\dimen302
\pgfarrowwidth=\dimen303
\pgfarrowlinewidth=\dimen304
)
(C:\Users\jacop\AppData\Local\Programs\MiKTeX\tex/generic/pgf/modules\pgfmodule
bending.code.tex
File: pgfmodulebending.code.tex 2025-08-29 v3.1.11a (3.1.11a)

(C:\Users\jacop\AppData\Local\Programs\MiKTeX\tex/generic/pgf/modules\pgfmodule
nonlineartransformations.code.tex
File: pgfmodulenonlineartransformations.code.tex 2025-08-29 v3.1.11a (3.1.11a)
\pgftransformnonlinearflatness=\dimen305
)
(C:\Users\jacop\AppData\Local\Programs\MiKTeX\tex/generic/pgf/libraries\pgflibr
arycurvilinear.code.tex
File: pgflibrarycurvilinear.code.tex 2025-08-29 v3.1.11a (3.1.11a)
\pgf@curvilinear@time@a=\dimen306
\pgf@curvilinear@length@a=\dimen307
\pgf@curvilinear@length@b=\dimen308
\pgf@curvilinear@length@c=\dimen309
\pgf@curvilinear@length@d=\dimen310
)
\pgf@arrows@the@rigidity=\dimen311
)
(C:\Users\jacop\AppData\Local\Programs\MiKTeX\tex/latex/l3packages/l3keys2e\l3k
eys2e.sty
Package: l3keys2e 2024-08-16 LaTeX2e option processing using LaTeX3 keys
)
Package: witharrows 2024/10/19 v2.9a Draws arrows for explanations on the right


(C:\Users\jacop\AppData\Local\Programs\MiKTeX\tex/latex/varwidth\varwidth.sty
Package: varwidth 2009/03/30 ver 0.92;  Variable-width minipages
\@vwid@box=\box69
\sift@deathcycles=\count343
\@vwid@loff=\dimen312
\@vwid@roff=\dimen313
)
==> First Aid for varwidth.sty applied!
\g__witharrows_last_env_int=\count344
\l__witharrows_pos_env_int=\count345
\l__witharrows_pos_arrow_int=\count346
\g__witharrows_arrow_int=\count347
\g__witharrows_line_int=\count348
\g__witharrows_col_int=\count349
\g__witharrows_static_col_int=\count350
\l__witharrows_nb_cols_int=\count351
\l__witharrows_arrow_width_dim=\dimen314
\l__witharrows_up_and_down_radius_dim=\dimen315
\l__witharrows_xoffset_for_o_arrows_dim=\dimen316
\l__witharrows_max_length_of_arrow_dim=\dimen317
\l__witharrows_ygap_dim=\dimen318
\l__witharrows_ystart_dim=\dimen319
\l__witharrows_xoffset_dim=\dimen320
\l__witharrows_interline_skip=\skip60
\l__witharrows_start_adjust_dim=\dimen321
\l__witharrows_end_adjust_dim=\dimen322
\l__witharrows_mathindent_skip=\skip61
) (C:\Users\jacop\AppData\Local\Programs\MiKTeX\tex/latex/amscls\amsthm.sty
Package: amsthm 2020/05/29 v2.20.6
\thm@style=\toks47
\thm@bodyfont=\toks48
\thm@headfont=\toks49
\thm@notefont=\toks50
\thm@headpunct=\toks51
\thm@preskip=\skip62
\thm@postskip=\skip63
\thm@headsep=\skip64
\dth@everypar=\toks52
)
(C:\Users\jacop\AppData\Local\Programs\MiKTeX\tex/latex/amsfonts\amssymb.sty
Package: amssymb 2013/01/14 v3.01 AMS font symbols
)
(C:\Users\jacop\AppData\Local\Programs\MiKTeX\tex/latex/appendix\appendix.sty
Package: appendix 2020/02/08 v1.2c extra appendix facilities
\c@@pps=\count352
\c@@ppsavesec=\count353
\c@@ppsaveapp=\count354
)
(C:\Users\jacop\AppData\Local\Programs\MiKTeX\tex/latex/setspace\setspace.sty
Package: setspace 2022/12/04 v6.7b set line spacing
)
(C:\Users\jacop\AppData\Local\Programs\MiKTeX\tex/latex/caption\caption.sty
Package: caption 2023/08/05 v3.6o Customizing captions (AR)

(C:\Users\jacop\AppData\Local\Programs\MiKTeX\tex/latex/caption\caption3.sty
Package: caption3 2023/07/31 v2.4d caption3 kernel (AR)
\caption@tempdima=\dimen323
\captionmargin=\dimen324
\caption@leftmargin=\dimen325
\caption@rightmargin=\dimen326
\caption@width=\dimen327
\caption@indent=\dimen328
\caption@parindent=\dimen329
\caption@hangindent=\dimen330
Package caption Info: Standard document class detected.
)
\c@caption@flags=\count355
\c@continuedfloat=\count356
Package caption Info: hyperref package is loaded.
Package caption Info: scrextend package is loaded.
\caption@addmargin@hsize=\dimen331
\caption@addmargin@linewidth=\dimen332
)
(C:\Users\jacop\AppData\Local\Programs\MiKTeX\tex/latex/caption\subcaption.sty
Package: subcaption 2023/07/28 v1.6b Sub-captions (AR)
Package caption Info: New subtype `subfigure' on input line 238.
\c@subfigure=\count357
Package caption Info: New subtype `subtable' on input line 238.
\c@subtable=\count358
) (C:\Users\jacop\AppData\Local\Programs\MiKTeX\tex/latex/mdwtools\footnote.sty
Package: footnote 1997/01/28 1.13 Save footnotes around boxes
\fn@notes=\box70
\fn@width=\dimen333
) (C:\Users\jacop\AppData\Local\Programs\MiKTeX\tex/latex/footmisc\footmisc.sty
Package: footmisc 2025/05/09 v7.0b a miscellany of footnote facilities
\FN@temptoken=\toks53
\footnotemargin=\dimen334
Package footmisc Info: Declaring symbol style bringhurst on input line 549.
Package footmisc Info: Declaring symbol style chicago on input line 557.
Package footmisc Info: Declaring symbol style wiley on input line 566.
Package footmisc Info: Declaring symbol style lamport-robust on input line 577.

Package footmisc Info: Declaring symbol style lamport* on input line 597.
Package footmisc Info: Declaring symbol style lamport*-robust on input line 618
.
) (C:\Users\jacop\AppData\Local\Programs\MiKTeX\tex/latex/ncctools\watermark.st
y
Package: watermark 2004/12/09 v1.1 Watermarks (NCC)
)
(C:\Users\jacop\AppData\Local\Programs\MiKTeX\tex/generic/pgf/frontendlayer/tik
z/libraries\tikzlibraryshapes.geometric.code.tex
File: tikzlibraryshapes.geometric.code.tex 2025-08-29 v3.1.11a (3.1.11a)

(C:\Users\jacop\AppData\Local\Programs\MiKTeX\tex/generic/pgf/libraries/shapes\
pgflibraryshapes.geometric.code.tex
File: pgflibraryshapes.geometric.code.tex 2025-08-29 v3.1.11a (3.1.11a)
))
(C:\Users\jacop\AppData\Local\Programs\MiKTeX\tex/latex/csquotes\csquotes.sty
Package: csquotes 2024-04-04 v5.2o context-sensitive quotations (JAW)
\csq@reset=\count359
\csq@gtype=\count360
\csq@glevel=\count361
\csq@qlevel=\count362
\csq@maxlvl=\count363
\csq@tshold=\count364
\csq@ltx@everypar=\toks54

(C:\Users\jacop\AppData\Local\Programs\MiKTeX\tex/latex/csquotes\csquotes.def
File: csquotes.def 2024-04-04 v5.2o csquotes generic definitions (JAW)
)
Package csquotes Info: Trying to load configuration file 'csquotes.cfg'...
Package csquotes Info: ... configuration file loaded successfully.

(C:\Users\jacop\AppData\Local\Programs\MiKTeX\tex/latex/csquotes\csquotes.cfg
File: csquotes.cfg 
)
Package csquotes Info: Enabling multilingual quotes.
) (C:\Users\jacop\AppData\Local\Programs\MiKTeX\tex/latex/biblatex\biblatex.sty
Package: biblatex 2025/07/10 v3.21 programmable bibliographies (PK/MW)

(C:\Users\jacop\AppData\Local\Programs\MiKTeX\tex/latex/logreq\logreq.sty
Package: logreq 2010/08/04 v1.0 xml request logger
\lrq@indent=\count365

(C:\Users\jacop\AppData\Local\Programs\MiKTeX\tex/latex/logreq\logreq.def
File: logreq.def 2010/08/04 v1.0 logreq spec v1.0
))
\c@tabx@nest=\count366
\c@listtotal=\count367
\c@listcount=\count368
\c@liststart=\count369
\c@liststop=\count370
\c@citecount=\count371
\c@citetotal=\count372
\c@multicitecount=\count373
\c@multicitetotal=\count374
\c@instcount=\count375
\c@maxnames=\count376
\c@minnames=\count377
\c@maxitems=\count378
\c@minitems=\count379
\c@citecounter=\count380
\c@maxcitecounter=\count381
\c@savedcitecounter=\count382
\c@uniquelist=\count383
\c@uniquename=\count384
\c@refsection=\count385
\c@refsegment=\count386
\c@maxextratitle=\count387
\c@maxextratitleyear=\count388
\c@maxextraname=\count389
\c@maxextradate=\count390
\c@maxextraalpha=\count391
\c@abbrvpenalty=\count392
\c@highnamepenalty=\count393
\c@lownamepenalty=\count394
\c@maxparens=\count395
\c@parenlevel=\count396
\blx@tempcnta=\count397
\blx@tempcntb=\count398
\blx@tempcntc=\count399
\c@blx@maxsection=\count400
\blx@maxsegment@0=\count401
\blx@notetype=\count402
\blx@parenlevel@text=\count403
\blx@parenlevel@foot=\count404
\blx@sectionciteorder@0=\count405
\blx@sectionciteorderinternal@0=\count406
\blx@entrysetcounter=\count407
\blx@biblioinstance=\count408
\labelnumberwidth=\skip65
\labelalphawidth=\skip66
\biblabelsep=\skip67
\bibitemsep=\skip68
\bibnamesep=\skip69
\bibinitsep=\skip70
\bibparsep=\skip71
\bibhang=\skip72
\blx@bcfin=\read5
\blx@bcfout=\write5
\blx@langwohyphens=\language80
\c@mincomprange=\count409
\c@maxcomprange=\count410
\c@mincompwidth=\count411
Package biblatex Info: Trying to load biblatex default data model...
Package biblatex Info: ... file 'blx-dm.def' found.

(C:\Users\jacop\AppData\Local\Programs\MiKTeX\tex/latex/biblatex\blx-dm.def
File: blx-dm.def 2025/07/10 v3.21 biblatex datamodel (PK/MW)
)
Package biblatex Info: Trying to load biblatex custom data model...
Package biblatex Info: ... file 'biblatex-dm.cfg' not found.
\c@afterword=\count412
\c@savedafterword=\count413
\c@annotator=\count414
\c@savedannotator=\count415
\c@author=\count416
\c@savedauthor=\count417
\c@bookauthor=\count418
\c@savedbookauthor=\count419
\c@commentator=\count420
\c@savedcommentator=\count421
\c@editor=\count422
\c@savededitor=\count423
\c@editora=\count424
\c@savededitora=\count425
\c@editorb=\count426
\c@savededitorb=\count427
\c@editorc=\count428
\c@savededitorc=\count429
\c@foreword=\count430
\c@savedforeword=\count431
\c@holder=\count432
\c@savedholder=\count433
\c@introduction=\count434
\c@savedintroduction=\count435
\c@namea=\count436
\c@savednamea=\count437
\c@nameb=\count438
\c@savednameb=\count439
\c@namec=\count440
\c@savednamec=\count441
\c@translator=\count442
\c@savedtranslator=\count443
\c@shortauthor=\count444
\c@savedshortauthor=\count445
\c@shorteditor=\count446
\c@savedshorteditor=\count447
\c@labelname=\count448
\c@savedlabelname=\count449
\c@institution=\count450
\c@savedinstitution=\count451
\c@lista=\count452
\c@savedlista=\count453
\c@listb=\count454
\c@savedlistb=\count455
\c@listc=\count456
\c@savedlistc=\count457
\c@listd=\count458
\c@savedlistd=\count459
\c@liste=\count460
\c@savedliste=\count461
\c@listf=\count462
\c@savedlistf=\count463
\c@location=\count464
\c@savedlocation=\count465
\c@organization=\count466
\c@savedorganization=\count467
\c@origlocation=\count468
\c@savedoriglocation=\count469
\c@origpublisher=\count470
\c@savedorigpublisher=\count471
\c@publisher=\count472
\c@savedpublisher=\count473
\c@language=\count474
\c@savedlanguage=\count475
\c@origlanguage=\count476
\c@savedoriglanguage=\count477
\c@pageref=\count478
\c@savedpageref=\count479
\shorthandwidth=\skip73
\shortjournalwidth=\skip74
\shortserieswidth=\skip75
\shorttitlewidth=\skip76
\shortauthorwidth=\skip77
\shorteditorwidth=\skip78
\locallabelnumberwidth=\skip79
\locallabelalphawidth=\skip80
\localshorthandwidth=\skip81
\localshortjournalwidth=\skip82
\localshortserieswidth=\skip83
\localshorttitlewidth=\skip84
\localshortauthorwidth=\skip85
\localshorteditorwidth=\skip86
Package biblatex Info: Trying to load compatibility code...
Package biblatex Info: ... file 'blx-compat.def' found.

(C:\Users\jacop\AppData\Local\Programs\MiKTeX\tex/latex/biblatex\blx-compat.def
File: blx-compat.def 2025/07/10 v3.21 biblatex compatibility (PK/MW)
)
Package biblatex Info: Trying to load generic definitions...
Package biblatex Info: ... file 'biblatex.def' found.
 (C:\Users\jacop\AppData\Local\Programs\MiKTeX\tex/latex/biblatex\biblatex.def
File: biblatex.def 2025/07/10 v3.21 biblatex compatibility (PK/MW)
\c@textcitecount=\count480
\c@textcitetotal=\count481
\c@textcitemaxnames=\count482
\c@biburlbigbreakpenalty=\count483
\c@biburlbreakpenalty=\count484
\c@biburlnumpenalty=\count485
\c@biburlucpenalty=\count486
\c@biburllcpenalty=\count487
\biburlbigskip=\muskip19
\biburlnumskip=\muskip20
\biburlucskip=\muskip21
\biburllcskip=\muskip22
\c@smartand=\count488
)
Package biblatex Info: Trying to load bibliography style 'numeric'...
Package biblatex Info: ... file 'numeric.bbx' found.

(C:\Users\jacop\AppData\Local\Programs\MiKTeX\tex/latex/biblatex/bbx\numeric.bb
x
File: numeric.bbx 2025/07/10 v3.21 biblatex bibliography style (PK/MW)
Package biblatex Info: Trying to load bibliography style 'standard'...
Package biblatex Info: ... file 'standard.bbx' found.

(C:\Users\jacop\AppData\Local\Programs\MiKTeX\tex/latex/biblatex/bbx\standard.b
bx
File: standard.bbx 2025/07/10 v3.21 biblatex bibliography style (PK/MW)
\c@bbx:relatedcount=\count489
\c@bbx:relatedtotal=\count490
))
Package biblatex Info: Trying to load citation style 'numeric'...
Package biblatex Info: ... file 'numeric.cbx' found.

(C:\Users\jacop\AppData\Local\Programs\MiKTeX\tex/latex/biblatex/cbx\numeric.cb
x
File: numeric.cbx 2025/07/10 v3.21 biblatex citation style (PK/MW)
Package biblatex Info: Redefining '\cite'.
Package biblatex Info: Redefining '\parencite'.
Package biblatex Info: Redefining '\footcite'.
Package biblatex Info: Redefining '\footcitetext'.
Package biblatex Info: Redefining '\smartcite'.
Package biblatex Info: Redefining '\supercite'.
Package biblatex Info: Redefining '\textcite'.
Package biblatex Info: Redefining '\textcites'.
Package biblatex Info: Redefining '\cites'.
Package biblatex Info: Redefining '\parencites'.
Package biblatex Info: Redefining '\smartcites'.
)
Package biblatex Info: Trying to load configuration file...
Package biblatex Info: ... file 'biblatex.cfg' found.

(C:\Users\jacop\AppData\Local\Programs\MiKTeX\tex/latex/biblatex\biblatex.cfg
File: biblatex.cfg 
)
Package biblatex Info: Input encoding 'utf8' detected.
Package biblatex Info: Document encoding is UTF8 ....
Package biblatex Info: ... and expl3
(biblatex)             2025-09-02 L3 programming layer (loader) 
(biblatex)             is new enough (at least 2020/04/06),
(biblatex)             setting 'casechanger=expl3'.

(C:\Users\jacop\AppData\Local\Programs\MiKTeX\tex/latex/biblatex\blx-case-expl3
.sty
Package: blx-case-expl3 2025/07/10 v3.21 expl3 case changing code for biblatex
))
(C:\Users\jacop\AppData\Local\Programs\MiKTeX\tex/latex/tools\tabularx.sty
Package: tabularx 2023/12/11 v2.12a `tabularx' package (DPC)
\TX@col@width=\dimen335
\TX@old@table=\dimen336
\TX@old@col=\dimen337
\TX@target=\dimen338
\TX@delta=\dimen339
\TX@cols=\count491
\TX@ftn=\toks55
)
(C:\Users\jacop\AppData\Local\Programs\MiKTeX\tex/latex/multirow\multirow.sty
Package: multirow 2024/11/12 v2.9 Span multiple rows of a table
\multirow@colwidth=\skip87
\multirow@cntb=\count492
\multirow@dima=\skip88
\bigstrutjot=\dimen340
)
(C:\Users\jacop\AppData\Local\Programs\MiKTeX\tex/latex/fancyhdr\fancyhdr.sty
Package: fancyhdr 2025/02/07 v5.2 Extensive control of page headers and footers

\f@nch@headwidth=\skip89
\f@nch@offset@elh=\skip90
\f@nch@offset@erh=\skip91
\f@nch@offset@olh=\skip92
\f@nch@offset@orh=\skip93
\f@nch@offset@elf=\skip94
\f@nch@offset@erf=\skip95
\f@nch@offset@olf=\skip96
\f@nch@offset@orf=\skip97
\f@nch@height=\skip98
\f@nch@footalignment=\skip99
\f@nch@widthL=\skip100
\f@nch@widthC=\skip101
\f@nch@widthR=\skip102
\@temptokenb=\toks56
)
\c@ttlp@side=\count493
\ttlp@side=\count494

(docs/glossary.tex
(C:\Users\jacop\AppData\Local\Programs\MiKTeX\tex/latex/glossaries/base\glossar
ies.sty
Package: glossaries 2026/03/06 v5.0 (NLCT)

(C:\Users\jacop\AppData\Local\Programs\MiKTeX\tex/latex/mfirstuc\mfirstuc.sty
Package: mfirstuc 2025/04/03 v2.09 (NLCT)
\@glsmfirst=\toks57
\@glsmrest=\toks58
)
(C:\Users\jacop\AppData\Local\Programs\MiKTeX\tex/latex/xfor\xfor.sty
Package: xfor 2009/02/05 v1.05 (NLCT)
)
(C:\Users\jacop\AppData\Local\Programs\MiKTeX\tex/latex/tracklang\tracklang.sty
Package: tracklang 2025/03/11 v1.6.6 (NLCT) Track Languages

(C:\Users\jacop\AppData\Local\Programs\MiKTeX\tex/generic/tracklang\tracklang.t
ex)
Package tracklang Info: Tracking dialect `english' (language `english') on inpu
t line 264.
Package tracklang Info: Tracking dialect `english' (language `english') on inpu
t line 264.
)
(C:\Users\jacop\AppData\Local\Programs\MiKTeX\tex/latex/translator\translator.s
ty
Package: translator 2021-05-31 v1.12d Easy translation of strings in LaTeX
)
(C:\Users\jacop\AppData\Local\Programs\MiKTeX\tex/latex/glossaries-english\glos
saries-english.ldf
File: glossaries-english.ldf 2014/11/23 v1.0
)
(C:\Users\jacop\AppData\Local\Programs\MiKTeX\tex/latex/datatool\datatool-base.
sty
Package: datatool-base 2025/12/04 v3.4.3 (NLCT)
\l__datatool_tmpa_int=\count495
\l__datatool_tmpb_int=\count496
\l__datatool_tmpc_int=\count497
\l__datatool_tmpd_int=\count498
\l__datatool_count_int=\count499
\l__datatool_tmp_datatype_int=\count500
\l__datatool_tmpa_dim=\dimen341
\l__datatool_tmpb_dim=\dimen342

(C:\Users\jacop\AppData\Local\Programs\MiKTeX\tex/latex/datatool\datatool-l3fp.
def
File: datatool-l3fp.def 2025/12/04 v3.4.3 (NLCT)
)
\@dtl@toks=\toks59
\@dtl@tmpcount=\count501
\dtl@tmplength=\skip103
\l__datatool_measure_box=\box71
\dtl@sortresult=\count502

(C:\Users\jacop\AppData\Local\Programs\MiKTeX\tex/latex/datatool\datatool-utf8.
ldf
File: datatool-utf8.ldf 2025/12/04 v3.4.3 (NLCT)
)
\@dtl@datatype=\count503
\c_datatool_unknown_int=\count504
\l__datatool_year_int=\count505
\l__datatool_month_int=\count506
\l__datatool_day_int=\count507
\l__datatool_hour_int=\count508
\l__datatool_minute_int=\count509
\l__datatool_second_int=\count510
\l__datatool_tzhour_int=\count511
\l__datatool_tzminute_int=\count512
\l__datatool_julian_int=\count513
\l__datatool_local_julian_int=\count514
\l__datatool_prefix_int=\count515
\l__datatool_suffix_int=\count516
\@dtl@foreach@level=\count517


Package tracklang Warning: No `datatool' support for dialect `english'  on inpu
t line 9924.

\dtl@codeA=\count518
\dtl@codeB=\count519
)
\gls@level=\count520
\@gls@tmpb=\toks60
\gls@tmplen=\skip104
\l__glossaries_tmpa_dim=\dimen343
\l__glossaries_tmpb_dim=\dimen344
\glskeylisttok=\toks61
\glslabeltok=\toks62
\glsshorttok=\toks63
\glslongtok=\toks64

(C:\Users\jacop\AppData\Local\Programs\MiKTeX\tex/latex/glossaries/styles\gloss
ary-hypernav.sty
Package: glossary-hypernav 2026/03/06 v5.0 (NLCT)
)
(C:\Users\jacop\AppData\Local\Programs\MiKTeX\tex/latex/glossaries/styles\gloss
ary-list.sty
Package: glossary-list 2026/03/06 v5.0 (NLCT)
\glslistdottedwidth=\skip105
)
(C:\Users\jacop\AppData\Local\Programs\MiKTeX\tex/latex/glossaries/styles\gloss
ary-long.sty
Package: glossary-long 2026/03/06 v5.0 (NLCT)

(C:\Users\jacop\AppData\Local\Programs\MiKTeX\tex/latex/tools\longtable.sty
Package: longtable 2024-12-18 v4.23 Multi-page Table package (DPC)
\LTleft=\skip106
\LTright=\skip107
\LTpre=\skip108
\LTpost=\skip109
\LTchunksize=\count521
\LTcapwidth=\dimen345
\LT@head=\box72
\LT@firsthead=\box73
\LT@foot=\box74
\LT@lastfoot=\box75
\LT@gbox=\box76
\LT@cols=\count522
\LT@rows=\count523
\c@LT@tables=\count524
\c@LT@chunks=\count525
\LT@p@ftn=\toks65
)
\glsdescwidth=\skip110
\glspagelistwidth=\skip111
)
(C:\Users\jacop\AppData\Local\Programs\MiKTeX\tex/latex/glossaries/styles\gloss
ary-super.sty
Package: glossary-super 2026/03/06 v5.0 (NLCT)

(C:\Users\jacop\AppData\Local\Programs\MiKTeX\tex/latex/supertabular\supertabul
ar.sty
Package: supertabular 2025/06/26 v4.2d the supertabular environment
\c@tracingst=\count526
\ST@wd=\dimen346
\ST@rightskip=\skip112
\ST@leftskip=\skip113
\ST@parfillskip=\skip114
\ST@pageleft=\dimen347
\ST@headht=\dimen348
\ST@tailht=\dimen349
\ST@pagesofar=\dimen350
\ST@pboxht=\dimen351
\ST@rowht=\dimen352
\ST@prevht=\dimen353
\ST@toadd=\dimen354
\ST@dimen=\dimen355
\ST@pbox=\box77
))
(C:\Users\jacop\AppData\Local\Programs\MiKTeX\tex/latex/glossaries/styles\gloss
ary-tree.sty
Package: glossary-tree 2026/03/06 v5.0 (NLCT)
\l__glossaries_tree_max_known_level_int=\count527
\l__glossaries_tree_offset_dim=\dimen356
\l__glossaries_tree_namewidth_dim=\dimen357
\l__glossaries_tree_symbolwidth_dim=\dimen358
\l__glossaries_tree_prenamesym_width_dim=\dimen359
\l__glossaries_tree_presubnamesym_width_dim=\dimen360
\l__glossaries_tree_namewidth_padding_dim=\dimen361
\l__glossaries_tree_symbolwidth_padding_dim=\dimen362
\l__glossaries_tree_namesymbolwidth_dim=\dimen363
\l__glossaries_tree_namesymbolwidth_padding_dim=\dimen364
\l__glossaries_tree_level_int=\count528
\glstreeindent=\skip115
))
\glswrite=\write6
\glo@main@file=\write7
\openout7 = `main.glo'.

Package glossaries Info: Writing glossary file main.glo on input line 3.
\glo@acronym@file=\write8
\openout8 = `main.acn'.

Package glossaries Info: Writing glossary file main.acn on input line 3.
) (template/extras.tex
(C:\Users\jacop\AppData\Local\Programs\MiKTeX\tex/latex/listings\listings.sty
\lst@mode=\count529
\lst@gtempboxa=\box78
\lst@token=\toks66
\lst@length=\count530
\lst@currlwidth=\dimen365
\lst@column=\count531
\lst@pos=\count532
\lst@lostspace=\dimen366
\lst@width=\dimen367
\lst@newlines=\count533
\lst@lineno=\count534
\lst@maxwidth=\dimen368

(C:\Users\jacop\AppData\Local\Programs\MiKTeX\tex/latex/listings\lstpatch.sty
File: lstpatch.sty 2024/09/23 1.10c (Carsten Heinz)
)
(C:\Users\jacop\AppData\Local\Programs\MiKTeX\tex/latex/listings\lstmisc.sty
File: lstmisc.sty 2024/09/23 1.10c (Carsten Heinz)
\c@lstnumber=\count535
\lst@skipnumbers=\count536
\lst@framebox=\box79
)
(C:\Users\jacop\AppData\Local\Programs\MiKTeX\tex/latex/listings\listings.cfg
File: listings.cfg 2024/09/23 1.10c listings configuration
))
Package: listings 2024/09/23 1.10c (Carsten Heinz)

(C:\Users\jacop\AppData\Local\Programs\MiKTeX\tex/latex/algorithms\algorithm.st
y
Package: algorithm 2009/08/24 v0.1 Document Style `algorithm' - floating enviro
nment
 (C:\Users\jacop\AppData\Local\Programs\MiKTeX\tex/latex/float\float.sty
Package: float 2001/11/08 v1.3d Float enhancements (AL)
\c@float@type=\count537
\float@exts=\toks67
\float@box=\box80
\@float@everytoks=\toks68
\@floatcapt=\box81
)
\@float@every@algorithm=\toks69
\c@algorithm=\count538
)
(C:\Users\jacop\AppData\Local\Programs\MiKTeX\tex/latex/algorithms\algorithmic.
sty
Package: algorithmic 2009/08/24 v0.1 Document Style `algorithmic'
\c@ALC@unique=\count539
\c@ALC@line=\count540
\c@ALC@rem=\count541
\c@ALC@depth=\count542
\ALC@tlm=\skip116
\algorithmicindent=\skip117
)
(C:\Users\jacop\AppData\Local\Programs\MiKTeX\tex/latex/mdframed\mdframed.sty
Package: mdframed 2013/07/01 1.9b: mdframed

(C:\Users\jacop\AppData\Local\Programs\MiKTeX\tex/latex/zref\zref-abspage.sty
Package: zref-abspage 2026-03-07 v2.37 Module abspage for zref (HO)

(C:\Users\jacop\AppData\Local\Programs\MiKTeX\tex/latex/zref\zref-base.sty
Package: zref-base 2026-03-07 v2.37 Module base for zref (HO)

(C:\Users\jacop\AppData\Local\Programs\MiKTeX\tex/generic/etexcmds\etexcmds.sty
Package: etexcmds 2019/12/15 v1.7 Avoid name clashes with e-TeX commands (HO)
) (C:\Users\jacop\AppData\Local\Programs\MiKTeX\tex/latex/auxhook\auxhook.sty
Package: auxhook 2019-12-17 v1.6 Hooks for auxiliary files (HO)
)
Package zref Info: New property list: main on input line 767.
Package zref Info: New property: default on input line 768.
Package zref Info: New property: page on input line 769.
)
\c@abspage=\count543
Package zref Info: New property: abspage on input line 67.
)
(C:\Users\jacop\AppData\Local\Programs\MiKTeX\tex/latex/needspace\needspace.sty
Package: needspace 2025/03/13 v1.3e reserve vertical space
)
\mdf@templength=\skip118
\c@mdf@globalstyle@cnt=\count544
\mdf@skipabove@length=\skip119
\mdf@skipbelow@length=\skip120
\mdf@leftmargin@length=\skip121
\mdf@rightmargin@length=\skip122
\mdf@innerleftmargin@length=\skip123
\mdf@innerrightmargin@length=\skip124
\mdf@innertopmargin@length=\skip125
\mdf@innerbottommargin@length=\skip126
\mdf@splittopskip@length=\skip127
\mdf@splitbottomskip@length=\skip128
\mdf@outermargin@length=\skip129
\mdf@innermargin@length=\skip130
\mdf@linewidth@length=\skip131
\mdf@innerlinewidth@length=\skip132
\mdf@middlelinewidth@length=\skip133
\mdf@outerlinewidth@length=\skip134
\mdf@roundcorner@length=\skip135
\mdf@footenotedistance@length=\skip136
\mdf@userdefinedwidth@length=\skip137
\mdf@needspace@length=\skip138
\mdf@frametitleaboveskip@length=\skip139
\mdf@frametitlebelowskip@length=\skip140
\mdf@frametitlerulewidth@length=\skip141
\mdf@frametitleleftmargin@length=\skip142
\mdf@frametitlerightmargin@length=\skip143
\mdf@shadowsize@length=\skip144
\mdf@extratopheight@length=\skip145
\mdf@subtitleabovelinewidth@length=\skip146
\mdf@subtitlebelowlinewidth@length=\skip147
\mdf@subtitleaboveskip@length=\skip148
\mdf@subtitlebelowskip@length=\skip149
\mdf@subtitleinneraboveskip@length=\skip150
\mdf@subtitleinnerbelowskip@length=\skip151
\mdf@subsubtitleabovelinewidth@length=\skip152
\mdf@subsubtitlebelowlinewidth@length=\skip153
\mdf@subsubtitleaboveskip@length=\skip154
\mdf@subsubtitlebelowskip@length=\skip155
\mdf@subsubtitleinneraboveskip@length=\skip156
\mdf@subsubtitleinnerbelowskip@length=\skip157

(C:\Users\jacop\AppData\Local\Programs\MiKTeX\tex/latex/mdframed\md-frame-1.mdf
File: md-frame-1.mdf 2013/07/01\ 1.9b: md-frame-1
)
\mdf@frametitlebox=\box82
\mdf@footnotebox=\box83
\mdf@splitbox@one=\box84
\mdf@splitbox@two=\box85
\mdf@splitbox@save=\box86
\mdfsplitboxwidth=\skip158
\mdfsplitboxtotalwidth=\skip159
\mdfsplitboxheight=\skip160
\mdfsplitboxdepth=\skip161
\mdfsplitboxtotalheight=\skip162
\mdfframetitleboxwidth=\skip163
\mdfframetitleboxtotalwidth=\skip164
\mdfframetitleboxheight=\skip165
\mdfframetitleboxdepth=\skip166
\mdfframetitleboxtotalheight=\skip167
\mdffootnoteboxwidth=\skip168
\mdffootnoteboxtotalwidth=\skip169
\mdffootnoteboxheight=\skip170
\mdffootnoteboxdepth=\skip171
\mdffootnoteboxtotalheight=\skip172
\mdftotallinewidth=\skip173
\mdfboundingboxwidth=\skip174
\mdfboundingboxtotalwidth=\skip175
\mdfboundingboxheight=\skip176
\mdfboundingboxdepth=\skip177
\mdfboundingboxtotalheight=\skip178
\mdf@freevspace@length=\skip179
\mdf@horizontalwidthofbox@length=\skip180
\mdf@verticalmarginwhole@length=\skip181
\mdf@horizontalspaceofbox=\skip182
\mdfsubtitleheight=\skip183
\mdfsubsubtitleheight=\skip184
\c@mdfcountframes=\count545

****** mdframed patching \endmdf@trivlist

****** -- success******

\mdf@envdepth=\count546
\c@mdf@env@i=\count547
\c@mdf@env@ii=\count548
\c@mdf@zref@counter=\count549
Package zref Info: New property: mdf@pagevalue on input line 895.
)
(C:\Users\jacop\AppData\Local\Programs\MiKTeX\tex/latex/fontawesome5\fontawesom
e5.sty
Package: fontawesome5 2022/05/02 v5.15.4 Font Awesome 5

(C:\Users\jacop\AppData\Local\Programs\MiKTeX\tex/latex/fontawesome5\fontawesom
e5-generic-helper.sty
Package: fontawesome5-generic-helper 2022/05/02 v5.15.4 non-uTeX helper for fon
tawesome5

(C:\Users\jacop\AppData\Local\Programs\MiKTeX\tex/latex/fontawesome5\fontawesom
e5-mapping.def)))
(C:\Users\jacop\AppData\Local\Programs\MiKTeX\tex/latex/tcolorbox\tcolorbox.sty
Package: tcolorbox 2025/09/09 version 6.8.0 text color boxes
(C:\Users\jacop\AppData\Local\Programs\MiKTeX\tex/latex/tools\verbatim.sty
Package: verbatim 2024-01-22 v1.5x LaTeX2e package for verbatim enhancements
\every@verbatim=\toks70
\verbatim@line=\toks71
\verbatim@in@stream=\read6
)
(C:\Users\jacop\AppData\Local\Programs\MiKTeX\tex/latex/environ\environ.sty
Package: environ 2014/05/04 v0.3 A new way to define environments

(C:\Users\jacop\AppData\Local\Programs\MiKTeX\tex/latex/trimspaces\trimspaces.s
ty
Package: trimspaces 2009/09/17 v1.1 Trim spaces around a token list
))
\tcb@titlebox=\box87
\tcb@upperbox=\box88
\tcb@lowerbox=\box89
\tcb@phantombox=\box90
\c@tcbbreakpart=\count550
\c@tcblayer=\count551
\c@tcolorbox@number=\count552
\l__tcobox_tmpa_box=\box91
\l__tcobox_tmpa_dim=\dimen369
\tcb@temp=\box92
\tcb@temp=\box93
\tcb@temp=\box94
\tcb@temp=\box95

(C:\Users\jacop\AppData\Local\Programs\MiKTeX\tex/latex/tcolorbox\tcbraster.cod
e.tex
Library (tcolorbox): 'tcbraster.code.tex' version '6.8.0'
\c@tcbrastercolumn=\count553
\c@tcbrasterrow=\count554
\c@tcbrasternum=\count555
\c@tcbraster=\count556
)
(C:\Users\jacop\AppData\Local\Programs\MiKTeX\tex/latex/tcolorbox\tcbskins.code
.tex
Library (tcolorbox): 'tcbskins.code.tex' version '6.8.0'

(C:\Users\jacop\AppData\Local\Programs\MiKTeX\tex/latex/tikzfill\tikzfill.image
.sty
Package: tikzfill.image 2023/08/08 v1.0.1 Image filling library for TikZ

(C:\Users\jacop\AppData\Local\Programs\MiKTeX\tex/latex/tikzfill\tikzfill-commo
n.sty
Package: tikzfill-common 2023/08/08 v1.0.1 Auxiliary code for tikzfill
)
(C:\Users\jacop\AppData\Local\Programs\MiKTeX\tex/latex/tikzfill\tikzlibraryfil
l.image.code.tex
File: tikzlibraryfill.image.code.tex 2023/08/08 v1.0.1 Image filling library
\l__tikzfill_img_box=\box96
))
(C:\Users\jacop\AppData\Local\Programs\MiKTeX\tex/latex/tcolorbox\tcbskinsjigsa
w.code.tex
Library (tcolorbox): 'tcbskinsjigsaw.code.tex' version '6.8.0'
))
(C:\Users\jacop\AppData\Local\Programs\MiKTeX\tex/latex/tcolorbox\tcbbreakable.
code.tex
Library (tcolorbox): 'tcbbreakable.code.tex' version '6.8.0'
(C:\Users\jacop\AppData\Local\Programs\MiKTeX\tex/latex/pdfcol\pdfcol.sty
Package: pdfcol 2022-09-21 v1.7 Handle new color stacks for pdfTeX (HO)
)
Package pdfcol Info: New color stack `tcb@breakable' = 1 on input line 23.
\tcb@testbox=\box97
\tcb@totalupperbox=\box98
\tcb@totallowerbox=\box99
)
(C:\Users\jacop\AppData\Local\Programs\MiKTeX\tex/latex/tcolorbox\tcbhooks.code
.tex
Library (tcolorbox): 'tcbhooks.code.tex' version '6.8.0'
)
(C:\Users\jacop\AppData\Local\Programs\MiKTeX\tex/latex/tcolorbox\tcbtheorems.c
ode.tex
Library (tcolorbox): 'tcbtheorems.code.tex' version '6.8.0'
)
(C:\Users\jacop\AppData\Local\Programs\MiKTeX\tex/latex/tcolorbox\tcbfitting.co
de.tex
Library (tcolorbox): 'tcbfitting.code.tex' version '6.8.0'
\tcbfitdim=\dimen370
\tcb@lowerfitdim=\dimen371
\tcb@upperfitdim=\dimen372
\tcb@cur@hbadness=\count557
)
(C:\Users\jacop\AppData\Local\Programs\MiKTeX\tex/latex/tcolorbox\tcblistingsut
f8.code.tex
Library (tcolorbox): 'tcblistingsutf8.code.tex' version '6.8.0'

(C:\Users\jacop\AppData\Local\Programs\MiKTeX\tex/latex/tcolorbox\tcblistings.c
ode.tex
Library (tcolorbox): 'tcblistings.code.tex' version '6.8.0'

(C:\Users\jacop\AppData\Local\Programs\MiKTeX\tex/latex/tcolorbox\tcblistingsco
re.code.tex
Library (tcolorbox): 'tcblistingscore.code.tex' version '6.8.0'

(C:\Users\jacop\AppData\Local\Programs\MiKTeX\tex/latex/tcolorbox\tcbprocessing
.code.tex
Library (tcolorbox): 'tcbprocessing.code.tex' version '6.8.0'
)
\c@tcblisting=\count558
))
(C:\Users\jacop\AppData\Local\Programs\MiKTeX\tex/latex/listingsutf8\listingsut
f8.sty
Package: listingsutf8 2019-12-10 v1.5 Allow UTF-8 in listings input (HO)
))
(C:\Users\jacop\AppData\Local\Programs\MiKTeX\tex/latex/tcolorbox\tcbexternal.c
ode.tex
Library (tcolorbox): 'tcbexternal.code.tex' version '6.8.0'
)
(C:\Users\jacop\AppData\Local\Programs\MiKTeX\tex/latex/tcolorbox\tcbmagazine.c
ode.tex
Library (tcolorbox): 'tcbmagazine.code.tex' version '6.8.0'
)
(C:\Users\jacop\AppData\Local\Programs\MiKTeX\tex/latex/tcolorbox\tcbvignette.c
ode.tex
Library (tcolorbox): 'tcbvignette.code.tex' version '6.8.0'

(C:\Users\jacop\AppData\Local\Programs\MiKTeX\tex/generic/pgf/frontendlayer/tik
z/libraries\tikzlibraryfadings.code.tex
File: tikzlibraryfadings.code.tex 2025-08-29 v3.1.11a (3.1.11a)

(C:\Users\jacop\AppData\Local\Programs\MiKTeX\tex/generic/pgf/libraries\pgflibr
aryfadings.code.tex
File: pgflibraryfadings.code.tex 2025-08-29 v3.1.11a (3.1.11a)
)))
(C:\Users\jacop\AppData\Local\Programs\MiKTeX\tex/latex/tcolorbox\tcbposter.cod
e.tex
Library (tcolorbox): 'tcbposter.code.tex' version '6.8.0'
)) (C:\Users\jacop\AppData\Local\Programs\MiKTeX\tex/latex/accents\accents.sty
Package: accents 2006/05/12 v1.4 Math Accent Tools
\cc@skew=\dimen373
\cc@wd=\dimen374
\cc@code=\count559
\cc@group=\count560
\cc@skewchar=\count561
) (C:\Users\jacop\AppData\Local\Programs\MiKTeX\tex/latex/quantikz\quantikz.sty
Package: quantikz 2023/05/24 typeset quantum circuit diagrams

(C:\Users\jacop\AppData\Local\Programs\MiKTeX\tex/latex/quantikz\tikzlibraryqua
ntikz2.code.tex
(C:\Users\jacop\AppData\Local\Programs\MiKTeX\tex/latex/xargs\xargs.sty
Package: xargs 2008/03/22 v1.1  extended macro definitions  (mpg)
\xargs@max=\count562
\xargs@toksa=\toks72
\xargs@toksb=\toks73
)
(C:\Users\jacop\AppData\Local\Programs\MiKTeX\tex/latex/mathtools\mathtools.sty
Package: mathtools 2024/10/04 v1.31 mathematical typesetting tools
(C:\Users\jacop\AppData\Local\Programs\MiKTeX\tex/latex/tools\calc.sty
Package: calc 2025/03/01 v4.3b Infix arithmetic (KKT,FJ)
\calc@Acount=\count563
\calc@Bcount=\count564
\calc@Adimen=\dimen375
\calc@Bdimen=\dimen376
\calc@Askip=\skip185
\calc@Bskip=\skip186
LaTeX Info: Redefining \setlength on input line 86.
LaTeX Info: Redefining \addtolength on input line 87.
\calc@Ccount=\count565
\calc@Cskip=\skip187
)
(C:\Users\jacop\AppData\Local\Programs\MiKTeX\tex/latex/mathtools\mhsetup.sty
Package: mhsetup 2021/03/18 v1.4 programming setup (MH)
)
\g_MT_multlinerow_int=\count566
\l_MT_multwidth_dim=\dimen377
\origjot=\skip188
\l_MT_shortvdotswithinadjustabove_dim=\dimen378
\l_MT_shortvdotswithinadjustbelow_dim=\dimen379
\l_MT_above_intertext_sep=\dimen380
\l_MT_below_intertext_sep=\dimen381
\l_MT_above_shortintertext_sep=\dimen382
\l_MT_below_shortintertext_sep=\dimen383
\xmathstrut@box=\box100
\xmathstrut@dim=\dimen384
)
(C:\Users\jacop\AppData\Local\Programs\MiKTeX\tex/latex/tikz-cd\tikzlibrarycd.c
ode.tex
(C:\Users\jacop\AppData\Local\Programs\MiKTeX\tex/generic/pgf/frontendlayer/tik
z/libraries\tikzlibrarymatrix.code.tex
File: tikzlibrarymatrix.code.tex 2025-08-29 v3.1.11a (3.1.11a)
)
(C:\Users\jacop\AppData\Local\Programs\MiKTeX\tex/generic/pgf/frontendlayer/tik
z/libraries\tikzlibraryquotes.code.tex
File: tikzlibraryquotes.code.tex 2025-08-29 v3.1.11a (3.1.11a)
))
(C:\Users\jacop\AppData\Local\Programs\MiKTeX\tex/generic/pgf/frontendlayer/tik
z/libraries\tikzlibrarydecorations.pathreplacing.code.tex
(C:\Users\jacop\AppData\Local\Programs\MiKTeX\tex/generic/pgf/frontendlayer/tik
z/libraries\tikzlibrarydecorations.code.tex
(C:\Users\jacop\AppData\Local\Programs\MiKTeX\tex/generic/pgf/modules\pgfmodule
decorations.code.tex
\pgfdecoratedcompleteddistance=\dimen385
\pgfdecoratedremainingdistance=\dimen386
\pgfdecoratedinputsegmentcompleteddistance=\dimen387
\pgfdecoratedinputsegmentremainingdistance=\dimen388
\pgf@decorate@distancetomove=\dimen389
\pgf@decorate@repeatstate=\count567
\pgfdecorationsegmentamplitude=\dimen390
\pgfdecorationsegmentlength=\dimen391
)
\tikz@lib@dec@box=\box101
)
(C:\Users\jacop\AppData\Local\Programs\MiKTeX\tex/generic/pgf/libraries/decorat
ions\pgflibrarydecorations.pathreplacing.code.tex))
(C:\Users\jacop\AppData\Local\Programs\MiKTeX\tex/generic/pgf/frontendlayer/tik
z/libraries\tikzlibrarycalc.code.tex
File: tikzlibrarycalc.code.tex 2025-08-29 v3.1.11a (3.1.11a)
)
(C:\Users\jacop\AppData\Local\Programs\MiKTeX\tex/generic/pgf/frontendlayer/tik
z/libraries\tikzlibrarypositioning.code.tex
File: tikzlibrarypositioning.code.tex 2025-08-29 v3.1.11a (3.1.11a)
)
(C:\Users\jacop\AppData\Local\Programs\MiKTeX\tex/generic/pgf/frontendlayer/tik
z/libraries\tikzlibraryfit.code.tex
File: tikzlibraryfit.code.tex 2025-08-29 v3.1.11a (3.1.11a)
)
(C:\Users\jacop\AppData\Local\Programs\MiKTeX\tex/generic/pgf/frontendlayer/tik
z/libraries\tikzlibraryshapes.symbols.code.tex
File: tikzlibraryshapes.symbols.code.tex 2025-08-29 v3.1.11a (3.1.11a)

(C:\Users\jacop\AppData\Local\Programs\MiKTeX\tex/generic/pgf/libraries/shapes\
pgflibraryshapes.symbols.code.tex
File: pgflibraryshapes.symbols.code.tex 2025-08-29 v3.1.11a (3.1.11a)
))
(C:\Users\jacop\AppData\Local\Programs\MiKTeX\tex/generic/pgf/frontendlayer/tik
z/libraries\tikzlibrarydecorations.pathmorphing.code.tex
(C:\Users\jacop\AppData\Local\Programs\MiKTeX\tex/generic/pgf/libraries/decorat
ions\pgflibrarydecorations.pathmorphing.code.tex))
(C:\Users\jacop\AppData\Local\Programs\MiKTeX\tex/generic/pgf/frontendlayer/tik
z/libraries\tikzlibraryshapes.misc.code.tex
File: tikzlibraryshapes.misc.code.tex 2025-08-29 v3.1.11a (3.1.11a)

(C:\Users\jacop\AppData\Local\Programs\MiKTeX\tex/generic/pgf/libraries/shapes\
pgflibraryshapes.misc.code.tex
File: pgflibraryshapes.misc.code.tex 2025-08-29 v3.1.11a (3.1.11a)
))
(C:\Users\jacop\AppData\Local\Programs\MiKTeX\tex/generic/pgf/frontendlayer/tik
z/libraries\tikzlibrarydecorations.markings.code.tex
(C:\Users\jacop\AppData\Local\Programs\MiKTeX\tex/generic/pgf/libraries/decorat
ions\pgflibrarydecorations.markings.code.tex))
(C:\Users\jacop\AppData\Local\Programs\MiKTeX\tex/generic/pgf/frontendlayer/tik
z/libraries\tikzlibrarymath.code.tex
(C:\Users\jacop\AppData\Local\Programs\MiKTeX\tex/generic/pgf/frontendlayer/tik
z/libraries\tikzlibraryfpu.code.tex
(C:\Users\jacop\AppData\Local\Programs\MiKTeX\tex/generic/pgf/libraries\pgflibr
aryfpu.code.tex))
\tikz@math@for@depth=\count568
\tikz@math@dimen=\dimen392
\tikz@math@toks=\toks74
)
\pgf@layerbox@background=\box102
\pgf@layerboxsaved@background=\box103
\pgf@layerbox@quantback=\box104
\pgf@layerboxsaved@quantback=\box105
\c@dummy=\count569
\myl=\skip189
\myh=\skip190
\myd=\skip191
\c@aaa=\count570
LaTeX Font Info:    Trying to load font information for U+msa on input line 104
4.

(C:\Users\jacop\AppData\Local\Programs\MiKTeX\tex/latex/amsfonts\umsa.fd
File: umsa.fd 2013/01/14 v3.01 AMS symbols A
)
LaTeX Font Info:    Trying to load font information for U+msb on input line 104
4.

(C:\Users\jacop\AppData\Local\Programs\MiKTeX\tex/latex/amsfonts\umsb.fd
File: umsb.fd 2013/01/14 v3.01 AMS symbols B
)
\c@wirenumberpermute=\count571
))
(C:\Users\jacop\AppData\Local\Programs\MiKTeX\tex/latex/annotate-equations\anno
tate-equations.sty
Package: annotate-equations 2023/05/06 v0.2.2 easily annotate equations using T
ikZ

(C:\Users\jacop\AppData\Local\Programs\MiKTeX\tex/generic/pgf/frontendlayer/tik
z/libraries\tikzlibrarybackgrounds.code.tex
File: tikzlibrarybackgrounds.code.tex 2025-08-29 v3.1.11a (3.1.11a)
)
(C:\Users\jacop\AppData\Local\Programs\MiKTeX\tex/generic/pgf/frontendlayer/tik
z/libraries\tikzlibraryarrows.code.tex
File: tikzlibraryarrows.code.tex 2025-08-29 v3.1.11a (3.1.11a)

(C:\Users\jacop\AppData\Local\Programs\MiKTeX\tex/generic/pgf/libraries\pgflibr
aryarrows.code.tex
File: pgflibraryarrows.code.tex 2025-08-29 v3.1.11a (3.1.11a)
\arrowsize=\dimen393
))
(C:\Users\jacop\AppData\Local\Programs\MiKTeX\tex/generic/pgf/frontendlayer/tik
z/libraries\tikzlibraryshapes.code.tex
File: tikzlibraryshapes.code.tex 2025-08-29 v3.1.11a (3.1.11a)

(C:\Users\jacop\AppData\Local\Programs\MiKTeX\tex/generic/pgf/frontendlayer/tik
z/libraries\tikzlibraryshapes.arrows.code.tex
File: tikzlibraryshapes.arrows.code.tex 2025-08-29 v3.1.11a (3.1.11a)

(C:\Users\jacop\AppData\Local\Programs\MiKTeX\tex/generic/pgf/libraries/shapes\
pgflibraryshapes.arrows.code.tex
File: pgflibraryshapes.arrows.code.tex 2025-08-29 v3.1.11a (3.1.11a)
))
(C:\Users\jacop\AppData\Local\Programs\MiKTeX\tex/generic/pgf/frontendlayer/tik
z/libraries\tikzlibraryshapes.callouts.code.tex
(C:\Users\jacop\AppData\Local\Programs\MiKTeX\tex/generic/pgf/libraries/shapes\
pgflibraryshapes.callouts.code.tex))
(C:\Users\jacop\AppData\Local\Programs\MiKTeX\tex/generic/pgf/frontendlayer/tik
z/libraries\tikzlibraryshapes.multipart.code.tex
File: tikzlibraryshapes.multipart.code.tex 2025-08-29 v3.1.11a (3.1.11a)

(C:\Users\jacop\AppData\Local\Programs\MiKTeX\tex/generic/pgf/libraries/shapes\
pgflibraryshapes.multipart.code.tex
File: pgflibraryshapes.multipart.code.tex 2025-08-29 v3.1.11a (3.1.11a)
\pgfnodepartlowerbox=\box106
\pgfnodeparttwobox=\box107
\pgfnodepartthreebox=\box108
\pgfnodepartfourbox=\box109
\pgfnodeparttwentybox=\box110
\pgfnodepartnineteenbox=\box111
\pgfnodeparteighteenbox=\box112
\pgfnodepartseventeenbox=\box113
\pgfnodepartsixteenbox=\box114
\pgfnodepartfifteenbox=\box115
\pgfnodepartfourteenbox=\box116
\pgfnodepartthirteenbox=\box117
\pgfnodeparttwelvebox=\box118
\pgfnodepartelevenbox=\box119
\pgfnodeparttenbox=\box120
\pgfnodepartninebox=\box121
\pgfnodeparteightbox=\box122
\pgfnodepartsevenbox=\box123
\pgfnodepartsixbox=\box124
\pgfnodepartfivebox=\box125
)))
(C:\Users\jacop\AppData\Local\Programs\MiKTeX\tex/latex/tikzmark\tikzlibrarytik
zmark.code.tex
File: tikzlibrarytikzmark.code.tex 2022/08/24 v1.15 TikZ library for marking po
sitions in a document
\l__sn_x_dim=\dimen394
\l__sn_y_dim=\dimen395
\l__sn_xa_dim=\dimen396
\l__sn_ya_dim=\dimen397
)
\c@eqnannotatenode=\count572
)
(C:\Users\jacop\AppData\Local\Programs\MiKTeX\tex/latex/tabularray\tabularray.s
ty
Package: tabularray 2025-11-27 v2025C Typeset tabulars and arrays with LaTeX3
\g__tblr_nohyper_int=\count573
\l__tblr_a_int=\count574
\l__tblr_c_int=\count575
\l__tblr_r_int=\count576
\l__tblr_d_dim=\dimen398
\l__tblr_h_dim=\dimen399
\l__tblr_o_dim=\dimen400
\l__tblr_p_dim=\dimen401
\l__tblr_q_dim=\dimen402
\l__tblr_r_dim=\dimen403
\l__tblr_s_dim=\dimen404
\l__tblr_t_dim=\dimen405
\l__tblr_v_dim=\dimen406
\l__tblr_w_dim=\dimen407
\l__tblr_a_box=\box126
\l__tblr_b_box=\box127
\l__tblr_c_box=\box128
\l__tblr_d_box=\box129
\c@tblrcount=\count577
\c@colnum=\count578
\c@rowcount=\count579
\c@colcount=\count580
\abovesep=\dimen408
\belowsep=\dimen409
\leftsep=\dimen410
\rightsep=\dimen411
\gTblrLevelInt=\count581
\g__tblr_data_row_key_count_int=\count582
\g__tblr_data_column_key_count_int=\count583
\g__tblr_data_cell_key_count_int=\count584
\g__tblr_array_int=\count585
\l__tblr_key_count_int=\count586
\l__tblr_key_quotient_int=\count587
\l__tblr_key_quotient_two_int=\count588
\l__tblr_key_remainder_int=\count589
\g__tblr_data_str_value_count_int=\count590
\lTblrChildTotalInt=\count591
\lTblrChildHtotalInt=\count592
\lTblrChildVtotalInt=\count593
\l__child_diff_h_int=\count594
\l__child_diff_v_int=\count595
\l__child_sign_h_int=\count596
\l__child_sign_v_int=\count597
\l__child_step_int=\count598
\lTblrDefaultHruleWidthDim=\dimen412
\lTblrDefaultVruleWidthDim=\dimen413
\l__tblr_split_balance_int=\count599
\l__tblr_strut_dp_dim=\dimen414
\l__tblr_strut_ht_dim=\dimen415
\g__tblr_cell_wd_dim=\dimen416
\g__tblr_cell_ht_dim=\dimen417
\g__tblr_cell_head_dim=\dimen418
\g__tblr_cell_foot_dim=\dimen419
\l__tblr_measured_cell_box=\box130
\g__tblr_last_box=\box131
\l__tblr_temp_box=\box132
\l__tblr_column_target_dim=\dimen420
\l__tblr_hfuzz_dim=\dimen421
\l__tblr_caption_box=\box133
\l__tblr_caption_left_box=\box134
\lTblrRowHeadInt=\count600
\lTblrRowFootInt=\count601
\l__tblr_row_head_box=\box135
\l__tblr_row_foot_box=\box136
\l__tblr_row_head_foot_dim=\dimen422
\lTblrTableWidthDim=\dimen423
\l__tblr_table_firsthead_box=\box137
\l__tblr_table_middlehead_box=\box138
\l__tblr_table_lasthead_box=\box139
\l__tblr_table_firstfoot_box=\box140
\l__tblr_table_middlefoot_box=\box141
\l__tblr_table_lastfoot_box=\box142
\l__tblr_remain_height_dim=\dimen424
\l__tblr_next_rows_dim=\dimen425
\l__tblr_page_overfill_dim=\dimen426
\l__tblr_long_from_int=\count602
\l__tblr_long_to_int=\count603
\l__tblr_curr_i_int=\count604
\l__tblr_prev_i_int=\count605
\lTblrTablePageInt=\count606
\l__tblr_table_head_box=\box143
\l__tblr_table_foot_box=\box144
\l__tblr_table_head_foot_dim=\dimen427
\l__tblr_table_head_body_foot_dim=\dimen428
\l__tblr_table_box=\box145
\lTblrRowFirstInt=\count607
\lTblrRowLastInt=\count608
\l__tblr_cover_box_a_dim=\dimen429
\l__tblr_cover_box_b_dim=\dimen430
\l__tblr_table_hlines_box=\box146
\l__tblr_hline_box=\box147
\l__tblr_row_box=\box148
\l__tblr_col_o_wd_dim=\dimen431
\l__tblr_col_b_wd_dim=\dimen432
\l__tblr_hline_leftskip_dim=\dimen433
\l__tblr_hline_rightskip_dim=\dimen434
\l__tblr_row_ht_dim=\dimen435
\l__tblr_row_dp_dim=\dimen436
\l__tblr_row_abovesep_dim=\dimen437
\l__tblr_row_belowsep_dim=\dimen438
\l__tblr_row_vlines_box=\box149
\l__tblr_vline_box=\box150
\l__tblr_cell_box=\box151
\l__tblr_row_upper_dim=\dimen439
\l__tblr_row_lower_dim=\dimen440
\l__tblr_row_vpace_dim=\dimen441
\l__tblr_vline_aboveskip_dim=\dimen442
\l__tblr_vline_belowskip_dim=\dimen443
\lTblrCellRowSpanInt=\count609
\lTblrCellColSpanInt=\count610
\l__tblr_cell_wd_dim=\dimen444
\l__tblr_cell_ht_dim=\dimen445
\lTblrCellAboveBorderWidthDim=\dimen446
\lTblrCellBelowBorderWidthDim=\dimen447
\lTblrCellLeftBorderWidthDim=\dimen448
\lTblrCellRightBorderWidthDim=\dimen449
\l__tblr_diag_box=\box152
\l__tblr_cell_inner_wd_dim=\dimen450
\l__tblr_cell_inner_dp_dim=\dimen451
\l__tblr_cell_hanchor_dim=\dimen452
\l__tblr_last_cell_table_ht_dim=\dimen453
\l__tblr_last_cell_table_dp_dim=\dimen454
\l__tblr_last_vline_wd_dim=\dimen455
\l__tblr_tikz_node_box=\box153
) (C:\Users\jacop\AppData\Local\Programs\MiKTeX\tex/latex/tools\afterpage.sty
Package: afterpage 2023/07/04 v1.08 After-Page Package (DPC)
\AP@output=\toks75
\AP@partial=\box154
\AP@footins=\box155
)
(C:\Users\jacop\AppData\Local\Programs\MiKTeX\tex/latex/adjustbox\adjustbox.sty
Package: adjustbox 2025/02/26 v1.3c Adjusting TeX boxes (trim, clip, ...)
(C:\Users\jacop\AppData\Local\Programs\MiKTeX\tex/latex/adjustbox\adjcalc.sty
Package: adjcalc 2012/05/16 v1.1 Provides advanced setlength with multiple back
-ends (calc, etex, pgfmath)
)
(C:\Users\jacop\AppData\Local\Programs\MiKTeX\tex/latex/adjustbox\trimclip.sty
Package: trimclip 2025/02/21 v1.2a Trim and clip general TeX material

(C:\Users\jacop\AppData\Local\Programs\MiKTeX\tex/latex/collectbox\collectbox.s
ty
Package: collectbox 2022/10/17 v0.4c Collect macro arguments as boxes
\collectedbox=\box156
)
\tc@llx=\dimen456
\tc@lly=\dimen457
\tc@urx=\dimen458
\tc@ury=\dimen459
Package trimclip Info: Using driver 'tc-pdftex.def'.

(C:\Users\jacop\AppData\Local\Programs\MiKTeX\tex/latex/adjustbox\tc-pdftex.def
File: tc-pdftex.def 2025/02/26 v2.3 Clipping driver for pdftex
))
\adjbox@Width=\dimen460
\adjbox@Height=\dimen461
\adjbox@Depth=\dimen462
\adjbox@Totalheight=\dimen463
\adjbox@pwidth=\dimen464
\adjbox@pheight=\dimen465
\adjbox@pdepth=\dimen466
\adjbox@ptotalheight=\dimen467

(C:\Users\jacop\AppData\Local\Programs\MiKTeX\tex/latex/ifoddpage\ifoddpage.sty
Package: ifoddpage 2022/10/18 v1.2 Conditionals for odd/even page detection
\c@checkoddpage=\count611
))
(C:\Users\jacop\AppData\Local\Programs\MiKTeX\tex/latex/leftindex\leftindex.sty
Package: leftindex 2024/01/31 v0.2beta 
\l__leftindex_phantom_height_dim=\dimen468
\l__leftindex_slanting_phantom_with_subscript_box=\box157
\l__leftindex_slanting_phantom_with_subscript_dim=\dimen469
\l__leftindex_slanting_phantom_with_subscript_without_indentation_box=\box158
\l__leftindex_slanting_phantom_with_subscript_without_indentation_dim=\dimen470

\l__leftindex_indentation_of_slanting_phantom_subscript=\dimen471
\l__leftindex_superscript_temp_box=\box159
\l__leftindex_width_of_superscript_dim=\dimen472
\l__leftindex_subscript_temp_box=\box160
\l__leftindex_width_of_subscript_dim=\dimen473
))
Package hyperref Info: Option `colorlinks' set `true' on input line 632.
) (C:\Users\jacop\AppData\Local\Programs\MiKTeX\tex/latex/lipsum\lipsum.sty
Package: lipsum 2021-09-20 v2.7 150 paragraphs of Lorem Ipsum dummy text
\g__lipsum_par_int=\count612
\l__lipsum_a_int=\count613
\l__lipsum_b_int=\count614

(C:\Users\jacop\AppData\Local\Programs\MiKTeX\tex/latex/lipsum\lipsum.ltd.tex))
(C:\Users\jacop\AppData\Local\Programs\MiKTeX\tex/latex/pgfplots\pgfplots.sty
(C:\Users\jacop\AppData\Local\Programs\MiKTeX\tex/generic/pgfplots\pgfplots.rev
ision.tex)
Package: pgfplots 2021/05/15 v1.18.1 Data Visualization (1.18.1)

(C:\Users\jacop\AppData\Local\Programs\MiKTeX\tex/generic/pgfplots\pgfplots.cod
e.tex
(C:\Users\jacop\AppData\Local\Programs\MiKTeX\tex/generic/pgfplots\pgfplotscore
.code.tex
\t@pgfplots@toka=\toks76
\t@pgfplots@tokb=\toks77
\t@pgfplots@tokc=\toks78
\pgfplots@tmpa=\dimen474
\c@pgfplots@coordindex=\count615
\c@pgfplots@scanlineindex=\count616

(C:\Users\jacop\AppData\Local\Programs\MiKTeX\tex/generic/pgfplots/sys\pgfplots
sysgeneric.code.tex))
(C:\Users\jacop\AppData\Local\Programs\MiKTeX\tex/generic/pgfplots/libs\pgfplot
slibrary.code.tex)
(C:\Users\jacop\AppData\Local\Programs\MiKTeX\tex/generic/pgfplots/oldpgfcompat
ib\pgfplotsoldpgfsupp_loader.code.tex
Package pgfplots: loading complementary utilities for your pgf version...
\t@pgf@toka=\toks79
\t@pgf@tokb=\toks80
\t@pgf@tokc=\toks81

(C:\Users\jacop\AppData\Local\Programs\MiKTeX\tex/generic/pgfplots/oldpgfcompat
ib\pgfplotsoldpgfsupp_pgfutil-common-lists.tex))
(C:\Users\jacop\AppData\Local\Programs\MiKTeX\tex/generic/pgfplots/util\pgfplot
sutil.code.tex
(C:\Users\jacop\AppData\Local\Programs\MiKTeX\tex/generic/pgfplots/liststructur
e\pgfplotsliststructure.code.tex)
(C:\Users\jacop\AppData\Local\Programs\MiKTeX\tex/generic/pgfplots/liststructur
e\pgfplotsliststructureext.code.tex)
(C:\Users\jacop\AppData\Local\Programs\MiKTeX\tex/generic/pgfplots/liststructur
e\pgfplotsarray.code.tex
\c@pgfplotsarray@tmp=\count617
)
(C:\Users\jacop\AppData\Local\Programs\MiKTeX\tex/generic/pgfplots/liststructur
e\pgfplotsmatrix.code.tex)
(C:\Users\jacop\AppData\Local\Programs\MiKTeX\tex/generic/pgfplots/numtable\pgf
plotstableshared.code.tex
\c@pgfplotstable@counta=\count618
\t@pgfplotstable@a=\toks82
)
(C:\Users\jacop\AppData\Local\Programs\MiKTeX\tex/generic/pgfplots/liststructur
e\pgfplotsdeque.code.tex)
(C:\Users\jacop\AppData\Local\Programs\MiKTeX\tex/generic/pgfplots/util\pgfplot
sbinary.code.tex
(C:\Users\jacop\AppData\Local\Programs\MiKTeX\tex/generic/pgfplots/util\pgfplot
sbinary.data.code.tex))
(C:\Users\jacop\AppData\Local\Programs\MiKTeX\tex/generic/pgfplots/util\pgfplot
sutil.verb.code.tex)
(C:\Users\jacop\AppData\Local\Programs\MiKTeX\tex/generic/pgfplots/libs\pgflibr
arypgfplots.surfshading.code.tex
\c@pgfplotslibrarysurf@no=\count619

(C:\Users\jacop\AppData\Local\Programs\MiKTeX\tex/generic/pgfplots/sys\pgflibra
rypgfplots.surfshading.pgfsys-pdftex.def)))
(C:\Users\jacop\AppData\Local\Programs\MiKTeX\tex/generic/pgfplots/util\pgfplot
scolormap.code.tex
(C:\Users\jacop\AppData\Local\Programs\MiKTeX\tex/generic/pgfplots/util\pgfplot
scolor.code.tex))
(C:\Users\jacop\AppData\Local\Programs\MiKTeX\tex/generic/pgfplots\pgfplotsstac
kedplots.code.tex)
(C:\Users\jacop\AppData\Local\Programs\MiKTeX\tex/generic/pgfplots\pgfplotsplot
handlers.code.tex
(C:\Users\jacop\AppData\Local\Programs\MiKTeX\tex/generic/pgfplots\pgfplotsmesh
plothandler.code.tex
(C:\Users\jacop\AppData\Local\Programs\MiKTeX\tex/generic/pgfplots\pgfplotsmesh
plotimage.code.tex)))
(C:\Users\jacop\AppData\Local\Programs\MiKTeX\tex/generic/pgfplots\pgfplots.sca
ling.code.tex)
(C:\Users\jacop\AppData\Local\Programs\MiKTeX\tex/generic/pgfplots\pgfplotscoor
dprocessing.code.tex)
(C:\Users\jacop\AppData\Local\Programs\MiKTeX\tex/generic/pgfplots\pgfplots.err
orbars.code.tex)
(C:\Users\jacop\AppData\Local\Programs\MiKTeX\tex/generic/pgfplots\pgfplots.mar
kers.code.tex)
(C:\Users\jacop\AppData\Local\Programs\MiKTeX\tex/generic/pgfplots\pgfplotstick
s.code.tex)
(C:\Users\jacop\AppData\Local\Programs\MiKTeX\tex/generic/pgfplots\pgfplots.pat
hs.code.tex)
(C:\Users\jacop\AppData\Local\Programs\MiKTeX\tex/generic/pgfplots/libs\tikzlib
rarypgfplots.contourlua.code.tex)
\pgfplots@numplots=\count620
\pgfplots@xmin@reg=\dimen475
\pgfplots@xmax@reg=\dimen476
\pgfplots@ymin@reg=\dimen477
\pgfplots@ymax@reg=\dimen478
\pgfplots@zmin@reg=\dimen479
\pgfplots@zmax@reg=\dimen480
)
(C:\Users\jacop\AppData\Local\Programs\MiKTeX\tex/generic/pgf/frontendlayer/tik
z/libraries\tikzlibraryplotmarks.code.tex
File: tikzlibraryplotmarks.code.tex 2025-08-29 v3.1.11a (3.1.11a)

(C:\Users\jacop\AppData\Local\Programs\MiKTeX\tex/generic/pgf/libraries\pgflibr
aryplotmarks.code.tex
File: pgflibraryplotmarks.code.tex 2025-08-29 v3.1.11a (3.1.11a)
)))
(C:\Users\jacop\AppData\Local\Programs\MiKTeX\tex/latex/booktabs\booktabs.sty
Package: booktabs 2020/01/12 v1.61803398 Publication quality tables
\heavyrulewidth=\dimen481
\lightrulewidth=\dimen482
\cmidrulewidth=\dimen483
\belowrulesep=\dimen484
\belowbottomsep=\dimen485
\aboverulesep=\dimen486
\abovetopsep=\dimen487
\cmidrulesep=\dimen488
\cmidrulekern=\dimen489
\defaultaddspace=\dimen490
\@cmidla=\count621
\@cmidlb=\count622
\@aboverulesep=\dimen491
\@belowrulesep=\dimen492
\@thisruleclass=\count623
\@lastruleclass=\count624
\@thisrulewidth=\dimen493
)
(C:\Users\jacop\AppData\Local\Programs\MiKTeX\tex/latex/physics\physics.sty
Package: physics 
)
(C:\Users\jacop\AppData\Local\Programs\MiKTeX\tex/latex/tocloft\tocloft.sty
Package: tocloft 2017/08/31 v2.3i parameterised ToC, etc., typesetting
Package tocloft Info: The document has chapter divisions on input line 51.
\cftparskip=\skip192
\cftbeforetoctitleskip=\skip193
\cftaftertoctitleskip=\skip194
\cftbeforepartskip=\skip195
\cftpartnumwidth=\skip196
\cftpartindent=\skip197
\cftbeforechapskip=\skip198
\cftchapindent=\skip199
\cftchapnumwidth=\skip256
\cftbeforesecskip=\skip257
\cftsecindent=\skip258
\cftsecnumwidth=\skip259
\cftbeforesubsecskip=\skip260
\cftsubsecindent=\skip261
\cftsubsecnumwidth=\skip262
\cftbeforesubsubsecskip=\skip263
\cftsubsubsecindent=\skip264
\cftsubsubsecnumwidth=\skip265
\cftbeforeparaskip=\skip266
\cftparaindent=\skip267
\cftparanumwidth=\skip268
\cftbeforesubparaskip=\skip269
\cftsubparaindent=\skip270
\cftsubparanumwidth=\skip271
\cftbeforeloftitleskip=\skip272
\cftafterloftitleskip=\skip273
\cftbeforefigskip=\skip274
\cftfigindent=\skip275
\cftfignumwidth=\skip276
\c@lofdepth=\count625
\c@lotdepth=\count626
\cftbeforelottitleskip=\skip277
\cftafterlottitleskip=\skip278
\cftbeforetabskip=\skip279
\cfttabindent=\skip280
\cfttabnumwidth=\skip281
)
(custom-symbols.tex
\c@prop=\count627
\c@theorem=\count628
)
LaTeX Font Info:    Font shape `T1/zpltlf/m/n' will be
(Font)              scaled to size 10.95pt on input line 81.
Package csquotes Info: Checking for multilingual support...
Package csquotes Info: ... found 'babel' package.
 (main.aux)
\openout1 = `main.aux'.

LaTeX Font Info:    Checking defaults for OML/cmm/m/it on input line 81.
LaTeX Font Info:    ... okay on input line 81.
LaTeX Font Info:    Checking defaults for OMS/cmsy/m/n on input line 81.
LaTeX Font Info:    ... okay on input line 81.
LaTeX Font Info:    Checking defaults for OT1/cmr/m/n on input line 81.
LaTeX Font Info:    ... okay on input line 81.
LaTeX Font Info:    Checking defaults for T1/cmr/m/n on input line 81.
LaTeX Font Info:    ... okay on input line 81.
LaTeX Font Info:    Checking defaults for TS1/cmr/m/n on input line 81.
LaTeX Font Info:    ... okay on input line 81.
LaTeX Font Info:    Checking defaults for OMX/cmex/m/n on input line 81.
LaTeX Font Info:    ... okay on input line 81.
LaTeX Font Info:    Checking defaults for U/cmr/m/n on input line 81.
LaTeX Font Info:    ... okay on input line 81.
LaTeX Font Info:    Checking defaults for PD1/pdf/m/n on input line 81.
LaTeX Font Info:    ... okay on input line 81.
LaTeX Font Info:    Checking defaults for PU/pdf/m/n on input line 81.
LaTeX Font Info:    ... okay on input line 81.

*geometry* driver: auto-detecting
*geometry* detected driver: pdftex
*geometry* verbose mode - [ preamble ] result:
* driver: pdftex
* paper: a4paper
* layout: <same size as paper>
* layoutoffset:(h,v)=(0.0pt,0.0pt)
* modes: twoside 
* h-part:(L,W,R)=(85.79065pt, 383.03122pt, 128.686pt)
* v-part:(T,H,B)=(128.0374pt, 591.64555pt, 125.36389pt)
* \paperwidth=597.50787pt
* \paperheight=845.04684pt
* \textwidth=383.03122pt
* \textheight=591.64555pt
* \oddsidemargin=56.41602pt
* \evensidemargin=13.52066pt
* \topmargin=21.89362pt
* \headheight=14.0pt
* \headsep=30.0pt
* \topskip=11.0pt
* \footskip=27.46295pt
* \marginparwidth=106.0pt
* \marginparsep=7.0pt
* \columnsep=10.0pt
* \skip\footins=10.0pt plus 4.0pt minus 2.0pt
* \hoffset=0.0pt
* \voffset=0.0pt
* \mag=1000
* \@twocolumnfalse
* \@twosidetrue
* \@mparswitchtrue
* \@reversemargintrue
* (1in=72.27pt=25.4mm, 1cm=28.453pt)


(C:\Users\jacop\AppData\Local\Programs\MiKTeX\tex/context/base/mkii\supp-pdf.mk
ii
[Loading MPS to PDF converter (version 2006.09.02).]
\scratchcounter=\count629
\scratchdimen=\dimen494
\scratchbox=\box161
\nofMPsegments=\count630
\nofMParguments=\count631
\everyMPshowfont=\toks83
\MPscratchCnt=\count632
\MPscratchDim=\dimen495
\MPnumerator=\count633
\makeMPintoPDFobject=\count634
\everyMPtoPDFconversion=\toks84
)
(C:\Users\jacop\AppData\Local\Programs\MiKTeX\tex/latex/epstopdf-pkg\epstopdf-b
ase.sty
Package: epstopdf-base 2020-01-24 v2.11 Base part for package epstopdf

(C:\Users\jacop\AppData\Local\Programs\MiKTeX\tex/latex/grfext\grfext.sty
Package: grfext 2019/12/03 v1.3 Manage graphics extensions (HO)
)
Package epstopdf-base Info: Redefining graphics rule for `.eps' on input line 4
85.
Package grfext Info: Graphics extension search list:
(grfext)             [.pdf,.png,.jpg,.mps,.jpeg,.jbig2,.jb2,.PDF,.PNG,.JPG,.JPE
G,.JBIG2,.JB2,.eps]
(grfext)             \AppendGraphicsExtensions on input line 504.

(C:\Users\jacop\AppData\Local\Programs\MiKTeX\tex/latex/00miktex\epstopdf-sys.c
fg
File: epstopdf-sys.cfg 2021/03/18 v2.0 Configuration of epstopdf for MiKTeX
))
\c@mv@tabular=\count635
\c@mv@boldtabular=\count636
Package hyperref Info: Link coloring ON on input line 81.
 (main.out) (main.out)
\@outlinefile=\write9
\openout9 = `main.out'.

Package caption Info: Begin \AtBeginDocument code.
Package caption Info: float package is loaded.
Package caption Info: listings package is loaded.
Package caption Info: longtable package is loaded.

(C:\Users\jacop\AppData\Local\Programs\MiKTeX\tex/latex/caption\ltcaption.sty
Package: ltcaption 2021/01/08 v1.4c longtable captions (AR)
)
Package caption Info: supertabular package is loaded.
Package caption Info: End \AtBeginDocument code.
Package biblatex Info: Trying to load language 'english'...
Package biblatex Info: ... file 'english.lbx' found.

(C:\Users\jacop\AppData\Local\Programs\MiKTeX\tex/latex/biblatex/lbx\english.lb
x
File: english.lbx 2025/07/10 v3.21 biblatex localization (PK/MW)
)
Package biblatex Info: Input encoding 'utf8' detected.
Package biblatex Info: Automatic encoding selection.
(biblatex)             Assuming data encoding 'utf8'.
\openout5 = `main.bcf'.

Package biblatex Info: Trying to load bibliographic data...
Package biblatex Info: ... file 'main.bbl' found.
 (main.bbl)
Package biblatex Info: Reference section=0 on input line 81.
Package biblatex Info: Reference segment=0 on input line 81.
\c@lstlisting=\count637

Package pgfplots notification 'compat/show suggested version=true': document ha
s been generated with the most recent feature set (\pgfplotsset{compat=1.18}).

*geometry* verbose mode - [ newgeometry ] result:
* driver: pdftex
* paper: a4paper
* layout: <same size as paper>
* layoutoffset:(h,v)=(0.0pt,0.0pt)
* modes: includehead includefoot twoside 
* h-part:(L,W,R)=(113.81102pt, 426.79135pt, 56.9055pt)
* v-part:(T,H,B)=(39.83368pt, 748.30766pt, 56.9055pt)
* \paperwidth=597.50787pt
* \paperheight=845.04684pt
* \textwidth=426.79135pt
* \textheight=690.84471pt
* \oddsidemargin=41.54103pt
* \evensidemargin=-15.36449pt
* \topmargin=-32.43631pt
* \headheight=0.0pt
* \headsep=30.0pt
* \topskip=11.0pt
* \footskip=27.46295pt
* \marginparwidth=106.0pt
* \marginparsep=7.0pt
* \columnsep=10.0pt
* \skip\footins=10.0pt plus 4.0pt minus 2.0pt
* \hoffset=0.0pt
* \voffset=0.0pt
* \mag=1000
* \@twocolumnfalse
* \@twosidetrue
* \@mparswitchtrue
* \@reversemarginfalse
* (1in=72.27pt=25.4mm, 1cm=28.453pt)



pdfTeX warning: pdflatex.exe (file ./template/universis.pdf): PDF inclusion: fo
und PDF version <1.7>, but at most version <1.5> allowed
<template/universis.pdf, id=413, 547.96718pt x 186.70352pt>
File: template/universis.pdf Graphic file (type pdf)
<use template/universis.pdf>
Package pdftex.def Info: template/universis.pdf  used on input line 83.
(pdftex.def)             Requested size: 200.42024pt x 68.28644pt.
LaTeX Font Info:    Font shape `T1/zpltlf/m/sc' will be
(Font)              scaled to size 10.95pt on input line 83.
LaTeX Font Info:    Font shape `T1/zpltlf/m/n' will be
(Font)              scaled to size 20.74pt on input line 83.
LaTeX Font Info:    Font shape `T1/zpltlf/b/n' will be
(Font)              scaled to size 20.74pt on input line 83.
LaTeX Font Info:    Font shape `T1/zpltlf/m/n' will be
(Font)              scaled to size 12.0pt on input line 83.
LaTeX Font Info:    Font shape `T1/zpltlf/b/n' will be
(Font)              scaled to size 12.0pt on input line 83.
LaTeX Font Info:    Font shape `T1/zpltlf/m/n' will be
(Font)              scaled to size 10.0pt on input line 83.
LaTeX Font Info:    Font shape `T1/zpltlf/m/sc' will be
(Font)              scaled to size 10.0pt on input line 83.
LaTeX Font Info:    Font shape `T1/zpltlf/b/n' will be
(Font)              scaled to size 10.0pt on input line 83.




pdfTeX warning: pdflatex.exe (file ./template/unipdbg.pdf): PDF inclusion: foun
d PDF version <1.7>, but at most version <1.5> allowed
<template/unipdbg.pdf, id=414, 608.18213pt x 574.15504pt>
File: template/unipdbg.pdf Graphic file (type pdf)
<use template/unipdbg.pdf>
Package pdftex.def Info: template/unipdbg.pdf  used on input line 83.
(pdftex.def)             Requested size: 618.84615pt x 584.27246pt.
[1

\openout6 = `main.ist'.


{C:/Users/jacop/AppData/Local/Programs/MiKTeX/fonts/enc/dvips/newtx/ntx-ec-tlf-
pc.enc}{C:/Users/jacop/AppData/Local/Programs/MiKTeX/fonts/enc/dvips/newtx/ntx-
ec-tlf.enc} <./template/unipdbg.pdf, page is rotated 90 degrees> <./template/un
iversis.pdf>]

[2



]
LaTeX Font Info:    Font shape `T1/zpltlf/m/it' will be
(Font)              scaled to size 10.95pt on input line 83.


[3]

[4


]
LaTeX Font Info:    Font shape `T1/zpltlf/b/n' will be
(Font)              scaled to size 10.95pt on input line 83.
LaTeX Font Info:    Font shape `T1/zpltlf/b/n' will be
(Font)              scaled to size 24.88pt on input line 83.
 (main.toc

[5


]

[6])
\tf@toc=\write10
\openout10 = `main.toc'.



[7]

[8


] (chapters/abstract.tex
LaTeX Font Info:    Font shape `T1/zpltlf/m/n' will be
(Font)              scaled to size 14.4pt on input line 4.
LaTeX Font Info:    Font shape `T1/zpltlf/b/n' will be
(Font)              scaled to size 14.4pt on input line 4.
)

[9]

[10


] (chapters/sommario.tex)

[11]

[12


] (chapters/Introduction.tex
Chapter 1.


[1


] (Plots/EH_Studies.tex
Package pgfplots info on input line 46: Overriding colorspace to rgb due to xco
lor configuration.
Package pgfplots info on input line 46: Using 'lua backend=false' for axis: sta
cked plots unsupported (yet).
Package pgfplots info on input line 46: Using 'lua backend=false' for axis: x c
oord trafo unsupported.
LaTeX Font Info:    Font shape `T1/zpltlf/m/n' will be
(Font)              scaled to size 9.0pt on input line 83.
)
LaTeX Font Info:    Trying to load font information for TS1+zpltlf on input lin
e 107.

(C:\Users\jacop\AppData\Local\Programs\MiKTeX\tex/latex/newpx\ts1zpltlf.fd
File: ts1zpltlf.fd 2021/11/24 v1.0 fd file for TS1/zpltlf
)
LaTeX Font Info:    Font shape `TS1/zpltlf/m/n' will be
(Font)              scaled to size 10.95pt on input line 107.


[2]
LaTeX Font Info:    Font shape `T1/zpltlf/m/n' will be
(Font)              scaled to size 8.0pt on input line 153.
LaTeX Font Info:    Font shape `T1/zpltlf/m/n' will be
(Font)              scaled to size 6.0pt on input line 153.


[3{C:/Users/jacop/AppData/Local/Programs/MiKTeX/fonts/enc/dvips/newpx/zpl_TOsF.
enc}]

[4]

[5]

[6]

[7]

[8]) (chapters/Theory.tex

[9]

[10]
Chapter 2.


[11


]

pdfTeX warning: pdflatex.exe (file ./imm/VR_theory.pdf): PDF inclusion: found P
DF version <1.7>, but at most version <1.5> allowed
<imm/VR_theory.pdf, id=737, 356.79297pt x 275.98108pt>
File: imm/VR_theory.pdf Graphic file (type pdf)
<use imm/VR_theory.pdf>
Package pdftex.def Info: imm/VR_theory.pdf  used on input line 45.
(pdftex.def)             Requested size: 306.42613pt x 237.02747pt.


[12 <./imm/VR_theory.pdf>]
<imm/Airgap_swing.png, id=802, 1083.29718pt x 544.28343pt>
File: imm/Airgap_swing.png Graphic file (type png)
<use imm/Airgap_swing.png>
Package pdftex.def Info: imm/Airgap_swing.png  used on input line 55.
(pdftex.def)             Requested size: 344.72575pt x 173.20256pt.


[13 <./imm/Airgap_swing.png>]
Underfull \vbox (badness 1215) has occurred while \output is active []



[14]

[15]

[16]
<Circuits/Coil_model.pdf, id=865, 166.60744pt x 58.89403pt>
File: Circuits/Coil_model.pdf Graphic file (type pdf)
<use Circuits/Coil_model.pdf>
Package pdftex.def Info: Circuits/Coil_model.pdf  used on input line 181.
(pdftex.def)             Requested size: 268.12068pt x 94.78499pt.

Underfull \vbox (badness 2460) has occurred while \output is active []



[17 <./Circuits/Coil_model.pdf>]
Overfull \hbox (4.3345pt too wide) in paragraph at lines 226--228
\T1/zpltlf/m/n/10.95 which is pre-cisely the Thévenin source impedance used in 
[] for the impedance
 []



[18]
<Circuits/Matching_condition.pdf, id=928, 120.79428pt x 65.92128pt>
File: Circuits/Matching_condition.pdf Graphic file (type pdf)
<use Circuits/Matching_condition.pdf>
Package pdftex.def Info: Circuits/Matching_condition.pdf  used on input line 25
3.
(pdftex.def)             Requested size: 229.82106pt x 125.43378pt.


[19 <./Circuits/Matching_condition.pdf>]
Underfull \vbox (badness 5847) has occurred while \output is active []



[20]

[21]
Overfull \hbox (7.41147pt too wide) in paragraph at lines 327--329
\T1/zpltlf/m/n/10.95 Each phase drives the power con-di-tion-ing cir-cuit throu
gh its own se-ries impedance
 []

) (chapters/Design.tex

[22]
Chapter 3.

Underfull \vbox (badness 10000) has occurred while \output is active []



[23


]

[24]
<Circuits/FWR.pdf, id=1033, 193.08437pt x 105.20103pt>
File: Circuits/FWR.pdf Graphic file (type pdf)
<use Circuits/FWR.pdf>
Package pdftex.def Info: Circuits/FWR.pdf  used on input line 41.
(pdftex.def)             Requested size: 210.66833pt x 114.78401pt.


[25 <./Circuits/FWR.pdf>]
<Circuits/NVC.pdf, id=1077, 225.20436pt x 105.20103pt>
File: Circuits/NVC.pdf Graphic file (type pdf)
<use Circuits/NVC.pdf>
Package pdftex.def Info: Circuits/NVC.pdf  used on input line 69.
(pdftex.def)             Requested size: 248.96794pt x 116.30096pt.

Underfull \vbox (badness 10000) has occurred while \output is active []



[26]) (chapters/Simulations.tex

[27 <./Circuits/NVC.pdf>]

[28


]
Chapter 4.


[29]
<Plots/OCV_100_halfTourn.pdf, id=1142, 1226.5825pt x 791.95876pt>
File: Plots/OCV_100_halfTourn.pdf Graphic file (type pdf)
<use Plots/OCV_100_halfTourn.pdf>
Package pdftex.def Info: Plots/OCV_100_halfTourn.pdf  used on input line 22.
(pdftex.def)             Requested size: 325.57887pt x 210.20644pt.
LaTeX Font Info:    Font shape `T1/zpltlf/m/n' will be
(Font)              scaled to size 7.0pt on input line 23.
LaTeX Font Info:    Font shape `T1/zpltlf/m/n' will be
(Font)              scaled to size 5.0pt on input line 23.
<Plots/OCV_100_focus.pdf, id=1143, 1254.6875pt x 791.95876pt>
File: Plots/OCV_100_focus.pdf Graphic file (type pdf)
<use Plots/OCV_100_focus.pdf>
Package pdftex.def Info: Plots/OCV_100_focus.pdf  used on input line 29.
(pdftex.def)             Requested size: 325.57887pt x 205.50563pt.


LaTeX Warning: `!h' float specifier changed to `!ht'.



[30 <./Plots/OCV_100_halfTourn.pdf>]

[31 <./Plots/OCV_100_focus.pdf>]
<Plots/Voltage_comp.pdf, id=1219, 335.2525pt x 276.03125pt>
File: Plots/Voltage_comp.pdf Graphic file (type pdf)
<use Plots/Voltage_comp.pdf>
Package pdftex.def Info: Plots/Voltage_comp.pdf  used on input line 68.
(pdftex.def)             Requested size: 287.2734pt x 236.52722pt.


[32 <./Plots/Voltage_comp.pdf>]
<Circuits/S1x3Y_1_IMM.pdf, id=1255, 794.97pt x 614.295pt>
File: Circuits/S1x3Y_1_IMM.pdf Graphic file (type pdf)
<use Circuits/S1x3Y_1_IMM.pdf>
Package pdftex.def Info: Circuits/S1x3Y_1_IMM.pdf  used on input line 86.
(pdftex.def)             Requested size: 363.87848pt x 281.1825pt.


LaTeX Warning: `!h' float specifier changed to `!ht'.


Package hyperref Warning: Token not allowed in a PDF string (Unicode):
(hyperref)                removing `math shift' on input line 91.


Package hyperref Warning: Token not allowed in a PDF string (Unicode):
(hyperref)                removing `subscript' on input line 91.


Package hyperref Warning: Token not allowed in a PDF string (Unicode):
(hyperref)                removing `math shift' on input line 91.



[33]
<Plots/Y_sweep/50-800_100_P1.pdf, id=1268, 276.03125pt x 258.9675pt>
File: Plots/Y_sweep/50-800_100_P1.pdf Graphic file (type pdf)
<use Plots/Y_sweep/50-800_100_P1.pdf>
Package pdftex.def Info: Plots/Y_sweep/50-800_100_P1.pdf  used on input line 10
0.
(pdftex.def)             Requested size: 183.85335pt x 172.49571pt.
LaTeX Font Info:    Font shape `T1/zpltlf/b/n' will be
(Font)              scaled to size 9.0pt on input line 101.
<Plots/Y_sweep/400-550_100_P1.pdf, id=1269, 265.99374pt x 240.9pt>
File: Plots/Y_sweep/400-550_100_P1.pdf Graphic file (type pdf)
<use Plots/Y_sweep/400-550_100_P1.pdf>
Package pdftex.def Info: Plots/Y_sweep/400-550_100_P1.pdf  used on input line 1
05.
(pdftex.def)             Requested size: 183.85335pt x 166.51155pt.
<Plots/Y_sweep/400-550_100_P2.pdf, id=1270, 269.005pt x 240.9pt>
File: Plots/Y_sweep/400-550_100_P2.pdf Graphic file (type pdf)
<use Plots/Y_sweep/400-550_100_P2.pdf>
Package pdftex.def Info: Plots/Y_sweep/400-550_100_P2.pdf  used on input line 1
10.
(pdftex.def)             Requested size: 183.85335pt x 164.64423pt.


LaTeX Warning: `!h' float specifier changed to `!ht'.

<Plots/Y_sweep/1-500_400_P1.pdf, id=1271, 265.99374pt x 240.9pt>
File: Plots/Y_sweep/1-500_400_P1.pdf Graphic file (type pdf)
<use Plots/Y_sweep/1-500_400_P1.pdf>
Package pdftex.def Info: Plots/Y_sweep/1-500_400_P1.pdf  used on input line 120
.
(pdftex.def)             Requested size: 183.85335pt x 166.51155pt.
<Plots/Y_sweep/40-80_400_P1.pdf, id=1272, 263.98625pt x 240.9pt>
File: Plots/Y_sweep/40-80_400_P1.pdf Graphic file (type pdf)
<use Plots/Y_sweep/40-80_400_P1.pdf>
Package pdftex.def Info: Plots/Y_sweep/40-80_400_P1.pdf  used on input line 125
.
(pdftex.def)             Requested size: 183.85335pt x 167.77237pt.
<Plots/Y_sweep/40-80_400_P2.pdf, id=1273, 263.98625pt x 240.9pt>
File: Plots/Y_sweep/40-80_400_P2.pdf Graphic file (type pdf)
<use Plots/Y_sweep/40-80_400_P2.pdf>
Package pdftex.def Info: Plots/Y_sweep/40-80_400_P2.pdf  used on input line 130
.
(pdftex.def)             Requested size: 183.85335pt x 167.77237pt.

LaTeX Warning: `!h' float specifier changed to `!ht'.


Package hyperref Warning: Token not allowed in a PDF string (Unicode):
(hyperref)                removing `math shift' on input line 137.


Package hyperref Warning: Token not allowed in a PDF string (Unicode):
(hyperref)                removing `subscript' on input line 137.


Package hyperref Warning: Token not allowed in a PDF string (Unicode):
(hyperref)                removing `math shift' on input line 137.



[34 <./Circuits/S1x3Y_1_IMM.pdf>]
<Plots/Y_sweep/10-18_100_P1.pdf, id=1294, 373.395pt x 338.26375pt>
File: Plots/Y_sweep/10-18_100_P1.pdf Graphic file (type pdf)
<use Plots/Y_sweep/10-18_100_P1.pdf>
Package pdftex.def Info: Plots/Y_sweep/10-18_100_P1.pdf  used on input line 144
.
(pdftex.def)             Requested size: 183.85335pt x 166.55586pt.
<Plots/Y_sweep/13-16_100_P1.pdf, id=1295, 268.00125pt x 240.9pt>
File: Plots/Y_sweep/13-16_100_P1.pdf Graphic file (type pdf)
<use Plots/Y_sweep/13-16_100_P1.pdf>
Package pdftex.def Info: Plots/Y_sweep/13-16_100_P1.pdf  used on input line 149
.
(pdftex.def)             Requested size: 183.85335pt x 165.26178pt.


LaTeX Warning: `!h' float specifier changed to `!ht'.



[35 <./Plots/Y_sweep/50-800_100_P1.pdf> <./Plots/Y_sweep/400-550_100_P1.pdf> <.
/Plots/Y_sweep/400-550_100_P2.pdf>]
<Plots/Y_sweep/Y_Power_sweep.pdf, id=1400, 265.99374pt x 242.9075pt>
File: Plots/Y_sweep/Y_Power_sweep.pdf Graphic file (type pdf)
<use Plots/Y_sweep/Y_Power_sweep.pdf>
Package pdftex.def Info: Plots/Y_sweep/Y_Power_sweep.pdf  used on input line 16
2.
(pdftex.def)             Requested size: 287.2734pt x 262.36212pt.

Underfull \vbox (badness 10000) has occurred while \output is active []



[36 <./Plots/Y_sweep/1-500_400_P1.pdf> <./Plots/Y_sweep/40-80_400_P1.pdf> <./Pl
ots/Y_sweep/40-80_400_P2.pdf>]

[37 <./Plots/Y_sweep/10-18_100_P1.pdf> <./Plots/Y_sweep/13-16_100_P1.pdf> <./Pl
ots/Y_sweep/Y_Power_sweep.pdf>]
<Plots/Y_sweep/Y_Eff_sweep.pdf, id=1620, 350.30875pt x 320.19624pt>
File: Plots/Y_sweep/Y_Eff_sweep.pdf Graphic file (type pdf)
<use Plots/Y_sweep/Y_Eff_sweep.pdf>
Package pdftex.def Info: Plots/Y_sweep/Y_Eff_sweep.pdf  used on input line 173.

(pdftex.def)             Requested size: 248.96794pt x 227.57054pt.
<Plots/Y_sweep/Y_PEE_sweep.pdf, id=1621, 279.0425pt x 266.9975pt>
File: Plots/Y_sweep/Y_PEE_sweep.pdf Graphic file (type pdf)
<use Plots/Y_sweep/Y_PEE_sweep.pdf>
Package pdftex.def Info: Plots/Y_sweep/Y_PEE_sweep.pdf  used on input line 180.

(pdftex.def)             Requested size: 248.96794pt x 238.22997pt.


[38 <./Plots/Y_sweep/Y_Eff_sweep.pdf>]

[39 <./Plots/Y_sweep/Y_PEE_sweep.pdf>]
<Circuits/S1x3D_1_IMM.pdf, id=1708, 794.97pt x 614.295pt>
File: Circuits/S1x3D_1_IMM.pdf Graphic file (type pdf)
<use Circuits/S1x3D_1_IMM.pdf>
Package pdftex.def Info: Circuits/S1x3D_1_IMM.pdf  used on input line 193.
(pdftex.def)             Requested size: 363.87848pt x 281.1825pt.


Package hyperref Warning: Token not allowed in a PDF string (Unicode):
(hyperref)                removing `math shift' on input line 198.


Package hyperref Warning: Token not allowed in a PDF string (Unicode):
(hyperref)                removing `subscript' on input line 198.


Package hyperref Warning: Token not allowed in a PDF string (Unicode):
(hyperref)                removing `math shift' on input line 198.


Underfull \vbox (badness 10000) has occurred while \output is active []



[40

 <./Circuits/S1x3D_1_IMM.pdf>]
<Plots/D_sweep/50-800_100_P1.pdf, id=1730, 295.1025pt x 275.0275pt>
File: Plots/D_sweep/50-800_100_P1.pdf Graphic file (type pdf)
<use Plots/D_sweep/50-800_100_P1.pdf>
Package pdftex.def Info: Plots/D_sweep/50-800_100_P1.pdf  used on input line 20
5.
(pdftex.def)             Requested size: 183.85335pt x 171.3504pt.
<Plots/D_sweep/300-500_100_P1.pdf, id=1731, 304.13625pt x 275.0275pt>
File: Plots/D_sweep/300-500_100_P1.pdf Graphic file (type pdf)
<use Plots/D_sweep/300-500_100_P1.pdf>
Package pdftex.def Info: Plots/D_sweep/300-500_100_P1.pdf  used on input line 2
10.
(pdftex.def)             Requested size: 183.85335pt x 166.25995pt.
<Plots/D_sweep/300-500_100_P2.pdf, id=1732, 308.15125pt x 275.0275pt>
File: Plots/D_sweep/300-500_100_P2.pdf Graphic file (type pdf)
<use Plots/D_sweep/300-500_100_P2.pdf>
Package pdftex.def Info: Plots/D_sweep/300-500_100_P2.pdf  used on input line 2
15.
(pdftex.def)             Requested size: 183.85335pt x 164.09451pt.


LaTeX Warning: `!h' float specifier changed to `!ht'.

<Plots/D_sweep/1-500_400_P1.pdf, id=1733, 307.1475pt x 275.0275pt>
File: Plots/D_sweep/1-500_400_P1.pdf Graphic file (type pdf)
<use Plots/D_sweep/1-500_400_P1.pdf>
Package pdftex.def Info: Plots/D_sweep/1-500_400_P1.pdf  used on input line 225
.
(pdftex.def)             Requested size: 183.85335pt x 164.62749pt.
<Plots/D_sweep/40-80_400_P1.pdf, id=1734, 304.13625pt x 275.0275pt>
File: Plots/D_sweep/40-80_400_P1.pdf Graphic file (type pdf)
<use Plots/D_sweep/40-80_400_P1.pdf>
Package pdftex.def Info: Plots/D_sweep/40-80_400_P1.pdf  used on input line 230
.
(pdftex.def)             Requested size: 183.85335pt x 166.25995pt.
<Plots/D_sweep/40-80_400_P2.pdf, id=1735, 304.13625pt x 275.0275pt>
File: Plots/D_sweep/40-80_400_P2.pdf Graphic file (type pdf)
<use Plots/D_sweep/40-80_400_P2.pdf>
Package pdftex.def Info: Plots/D_sweep/40-80_400_P2.pdf  used on input line 235
.
(pdftex.def)             Requested size: 183.85335pt x 166.25995pt.

LaTeX Warning: `!h' float specifier changed to `!ht'.


Package hyperref Warning: Token not allowed in a PDF string (Unicode):
(hyperref)                removing `math shift' on input line 242.


Package hyperref Warning: Token not allowed in a PDF string (Unicode):
(hyperref)                removing `subscript' on input line 242.


Package hyperref Warning: Token not allowed in a PDF string (Unicode):
(hyperref)                removing `math shift' on input line 242.

<Plots/D_sweep/2-10_100_P1.pdf, id=1738, 301.125pt x 275.0275pt>
File: Plots/D_sweep/2-10_100_P1.pdf Graphic file (type pdf)
<use Plots/D_sweep/2-10_100_P1.pdf>
Package pdftex.def Info: Plots/D_sweep/2-10_100_P1.pdf  used on input line 249.

(pdftex.def)             Requested size: 183.85335pt x 167.926pt.
<Plots/D_sweep/4_5-7_100_P1.pdf, id=1739, 298.11375pt x 275.0275pt>
File: Plots/D_sweep/4_5-7_100_P1.pdf Graphic file (type pdf)
<use Plots/D_sweep/4_5-7_100_P1.pdf>
Package pdftex.def Info: Plots/D_sweep/4_5-7_100_P1.pdf  used on input line 254
.
(pdftex.def)             Requested size: 183.85335pt x 169.61722pt.

LaTeX Warning: `!h' float specifier changed to `!ht'.



[41]
<Plots/D_sweep/D_Power_sweep.pdf, id=1749, 351.3125pt x 320.19624pt>
File: Plots/D_sweep/D_Power_sweep.pdf Graphic file (type pdf)
<use Plots/D_sweep/D_Power_sweep.pdf>
Package pdftex.def Info: Plots/D_sweep/D_Power_sweep.pdf  used on input line 26
7.
(pdftex.def)             Requested size: 287.2734pt x 261.84927pt.


LaTeX Warning: `!h' float specifier changed to `!ht'.


Underfull \vbox (badness 10000) has occurred while \output is active []



[42 <./Plots/D_sweep/50-800_100_P1.pdf> <./Plots/D_sweep/300-500_100_P1.pdf> <.
/Plots/D_sweep/300-500_100_P2.pdf>]

[43 <./Plots/D_sweep/1-500_400_P1.pdf> <./Plots/D_sweep/40-80_400_P1.pdf> <./Pl
ots/D_sweep/40-80_400_P2.pdf>]

[44 <./Plots/D_sweep/2-10_100_P1.pdf> <./Plots/D_sweep/4_5-7_100_P1.pdf> <./Plo
ts/D_sweep/D_Power_sweep.pdf>]
<Plots/D_sweep/D_Eff_sweep.pdf, id=2080, 350.30875pt x 320.19624pt>
File: Plots/D_sweep/D_Eff_sweep.pdf Graphic file (type pdf)
<use Plots/D_sweep/D_Eff_sweep.pdf>
Package pdftex.def Info: Plots/D_sweep/D_Eff_sweep.pdf  used on input line 278.

(pdftex.def)             Requested size: 248.96794pt x 227.57054pt.
<Plots/D_sweep/D_PEE_sweep.pdf, id=2081, 348.30125pt x 320.19624pt>
File: Plots/D_sweep/D_PEE_sweep.pdf Graphic file (type pdf)
<use Plots/D_sweep/D_PEE_sweep.pdf>
Package pdftex.def Info: Plots/D_sweep/D_PEE_sweep.pdf  used on input line 285.

(pdftex.def)             Requested size: 248.96794pt x 228.87994pt.


LaTeX Warning: `!h' float specifier changed to `!ht'.



[45 <./Plots/D_sweep/D_Eff_sweep.pdf>]

Package hyperref Warning: Token not allowed in a PDF string (Unicode):
(hyperref)                removing `math shift' on input line 295.


Package hyperref Warning: Token not allowed in a PDF string (Unicode):
(hyperref)                removing `subscript' on input line 295.


Package hyperref Warning: Token not allowed in a PDF string (Unicode):
(hyperref)                removing `math shift' on input line 295.

<Plots/NVC_sweep/50-800_100_P1.pdf, id=2122, 367.3725pt x 338.26375pt>
File: Plots/NVC_sweep/50-800_100_P1.pdf Graphic file (type pdf)
<use Plots/NVC_sweep/50-800_100_P1.pdf>
Package pdftex.def Info: Plots/NVC_sweep/50-800_100_P1.pdf  used on input line 
303.
(pdftex.def)             Requested size: 183.85335pt x 169.28629pt.
<Plots/NVC_sweep/200-350_100_P1.pdf, id=2123, 367.3725pt x 338.26375pt>
File: Plots/NVC_sweep/200-350_100_P1.pdf Graphic file (type pdf)
<use Plots/NVC_sweep/200-350_100_P1.pdf>
Package pdftex.def Info: Plots/NVC_sweep/200-350_100_P1.pdf  used on input line
 308.
(pdftex.def)             Requested size: 183.85335pt x 169.28629pt.
<Plots/NVC_sweep/200-350_100_P2.pdf, id=2124, 376.40625pt x 338.26375pt>
File: Plots/NVC_sweep/200-350_100_P2.pdf Graphic file (type pdf)
<use Plots/NVC_sweep/200-350_100_P2.pdf>
Package pdftex.def Info: Plots/NVC_sweep/200-350_100_P2.pdf  used on input line
 313.
(pdftex.def)             Requested size: 183.85335pt x 165.2242pt.

LaTeX Warning: `!h' float specifier changed to `!ht'.

<Plots/NVC_sweep/1-300_400_P1.pdf, id=2126, 319.1925pt x 287.0725pt>
File: Plots/NVC_sweep/1-300_400_P1.pdf Graphic file (type pdf)
<use Plots/NVC_sweep/1-300_400_P1.pdf>
Package pdftex.def Info: Plots/NVC_sweep/1-300_400_P1.pdf  used on input line 3
25.
(pdftex.def)             Requested size: 183.85335pt x 165.3545pt.
<Plots/NVC_sweep/30-60_400_P1.pdf, id=2127, 316.18124pt x 287.0725pt>
File: Plots/NVC_sweep/30-60_400_P1.pdf Graphic file (type pdf)
<use Plots/NVC_sweep/30-60_400_P1.pdf>
Package pdftex.def Info: Plots/NVC_sweep/30-60_400_P1.pdf  used on input line 3
30.
(pdftex.def)             Requested size: 183.85335pt x 166.93143pt.
<Plots/NVC_sweep/30-60_400_P2.pdf, id=2128, 316.18124pt x 287.0725pt>
File: Plots/NVC_sweep/30-60_400_P2.pdf Graphic file (type pdf)
<use Plots/NVC_sweep/30-60_400_P2.pdf>
Package pdftex.def Info: Plots/NVC_sweep/30-60_400_P2.pdf  used on input line 3
35.
(pdftex.def)             Requested size: 183.85335pt x 166.93143pt.


[46 <./Plots/D_sweep/D_PEE_sweep.pdf>]

LaTeX Warning: `!h' float specifier changed to `!ht'.


Package hyperref Warning: Token not allowed in a PDF string (Unicode):
(hyperref)                removing `math shift' on input line 342.


Package hyperref Warning: Token not allowed in a PDF string (Unicode):
(hyperref)                removing `subscript' on input line 342.


Package hyperref Warning: Token not allowed in a PDF string (Unicode):
(hyperref)                removing `math shift' on input line 342.



[47 <./Plots/NVC_sweep/50-800_100_P1.pdf> <./Plots/NVC_sweep/200-350_100_P1.pdf
> <./Plots/NVC_sweep/200-350_100_P2.pdf>]
<Plots/NVC_sweep/20-30_100_P1.pdf, id=2281, 303.1325pt x 281.05pt>
File: Plots/NVC_sweep/20-30_100_P1.pdf Graphic file (type pdf)
<use Plots/NVC_sweep/20-30_100_P1.pdf>
Package pdftex.def Info: Plots/NVC_sweep/20-30_100_P1.pdf  used on input line 3
50.
(pdftex.def)             Requested size: 183.85335pt x 170.46246pt.
<Plots/NVC_sweep/20-30_100_P2.pdf, id=2282, 364.36125pt x 338.26375pt>
File: Plots/NVC_sweep/20-30_100_P2.pdf Graphic file (type pdf)
<use Plots/NVC_sweep/20-30_100_P2.pdf>
Package pdftex.def Info: Plots/NVC_sweep/20-30_100_P2.pdf  used on input line 3
55.
(pdftex.def)             Requested size: 183.85335pt x 170.68506pt.


LaTeX Warning: `!h' float specifier changed to `!ht'.



[48 <./Plots/NVC_sweep/1-300_400_P1.pdf> <./Plots/NVC_sweep/30-60_400_P1.pdf> <
./Plots/NVC_sweep/30-60_400_P2.pdf>]
<Plots/NVC_sweep/Y_Power_sweep.pdf, id=2395, 379.4175pt x 337.26pt>
File: Plots/NVC_sweep/Y_Power_sweep.pdf Graphic file (type pdf)
<use Plots/NVC_sweep/Y_Power_sweep.pdf>
Package pdftex.def Info: Plots/NVC_sweep/Y_Power_sweep.pdf  used on input line 
369.
(pdftex.def)             Requested size: 287.2734pt x 255.35793pt.


LaTeX Warning: `!h' float specifier changed to `!ht'.



[49 <./Plots/NVC_sweep/20-30_100_P1.pdf> <./Plots/NVC_sweep/20-30_100_P2.pdf>]
<Plots/NVC_sweep/Y_Eff_sweep.pdf, id=2480, 356.33125pt x 325.215pt>
File: Plots/NVC_sweep/Y_Eff_sweep.pdf Graphic file (type pdf)
<use Plots/NVC_sweep/Y_Eff_sweep.pdf>
Package pdftex.def Info: Plots/NVC_sweep/Y_Eff_sweep.pdf  used on input line 38
1.
(pdftex.def)             Requested size: 248.96794pt x 227.22714pt.


LaTeX Warning: `!h' float specifier changed to `!ht'.

<Plots/NVC_sweep/Y_PEE_sweep.pdf, id=2481, 354.32375pt x 325.215pt>
File: Plots/NVC_sweep/Y_PEE_sweep.pdf Graphic file (type pdf)
<use Plots/NVC_sweep/Y_PEE_sweep.pdf>
Package pdftex.def Info: Plots/NVC_sweep/Y_PEE_sweep.pdf  used on input line 38
8.
(pdftex.def)             Requested size: 248.96794pt x 228.51736pt.

LaTeX Warning: `!h' float specifier changed to `!ht'.



[50 <./Plots/NVC_sweep/Y_Power_sweep.pdf>]

LaTeX Warning: Text page 51 contains only floats.



[51 <./Plots/NVC_sweep/Y_Eff_sweep.pdf> <./Plots/NVC_sweep/Y_PEE_sweep.pdf>])
(chapters/BoardDesign.tex

[52]

[53]

[54


]
Chapter 5.

LaTeX Warning: `!h' float specifier changed to `!ht'.



[55]

[56]
<Circuits/Rectifiers_Board_rotated.pdf, id=2642, page=1, 614.295pt x 794.97pt>
File: Circuits/Rectifiers_Board_rotated.pdf Graphic file (type pdf)
<use Circuits/Rectifiers_Board_rotated.pdf, page 1>
Package pdftex.def Info: Circuits/Rectifiers_Board_rotated.pdf , page1 used on 
input line 40.
(pdftex.def)             Requested size: 415.59143pt x 537.83101pt.

Overfull \hbox (32.56021pt too wide) in paragraph at lines 40--41
 [][] 
 []

<Circuits/Rectifiers_Board_rotated.pdf, id=2643, page=2, 614.295pt x 794.97pt>
File: Circuits/Rectifiers_Board_rotated.pdf Graphic file (type pdf)
<use Circuits/Rectifiers_Board_rotated.pdf, page 2>
Package pdftex.def Info: Circuits/Rectifiers_Board_rotated.pdf , page2 used on 
input line 47.
(pdftex.def)             Requested size: 415.59143pt x 537.83101pt.

Overfull \hbox (32.56021pt too wide) in paragraph at lines 47--48
 [][] 
 []


Underfull \vbox (badness 10000) has occurred while \output is active []



[57 <./Circuits/Rectifiers_Board_rotated.pdf, page is rotated 270 degrees>]
<Circuits/Rectifiers_Board_rotated.pdf, id=2663, page=3, 614.295pt x 794.97pt>
File: Circuits/Rectifiers_Board_rotated.pdf Graphic file (type pdf)
<use Circuits/Rectifiers_Board_rotated.pdf, page 3>
Package pdftex.def Info: Circuits/Rectifiers_Board_rotated.pdf , page3 used on 
input line 54.
(pdftex.def)             Requested size: 415.59143pt x 537.83101pt.

Overfull \hbox (32.56021pt too wide) in paragraph at lines 54--55
 [][] 
 []


Underfull \vbox (badness 10000) has occurred while \output is active []



[58 <./Circuits/Rectifiers_Board_rotated.pdf, page is rotated 270 degrees>]
<Circuits/Rectifiers_Board_rotated.pdf, id=2678, page=4, 614.295pt x 794.97pt>
File: Circuits/Rectifiers_Board_rotated.pdf Graphic file (type pdf)
<use Circuits/Rectifiers_Board_rotated.pdf, page 4>
Package pdftex.def Info: Circuits/Rectifiers_Board_rotated.pdf , page4 used on 
input line 61.
(pdftex.def)             Requested size: 415.59143pt x 537.83101pt.

Overfull \hbox (32.56021pt too wide) in paragraph at lines 61--62
 [][] 
 []


Underfull \vbox (badness 10000) has occurred while \output is active []



[59 <./Circuits/Rectifiers_Board_rotated.pdf, page is rotated 270 degrees>]
<Circuits/Rectifiers_Board_rotated.pdf, id=2693, page=5, 614.295pt x 794.97pt>
File: Circuits/Rectifiers_Board_rotated.pdf Graphic file (type pdf)
<use Circuits/Rectifiers_Board_rotated.pdf, page 5>
Package pdftex.def Info: Circuits/Rectifiers_Board_rotated.pdf , page5 used on 
input line 68.
(pdftex.def)             Requested size: 415.59143pt x 537.83101pt.

Overfull \hbox (32.56021pt too wide) in paragraph at lines 68--69
 [][] 
 []


Underfull \vbox (badness 10000) has occurred while \output is active []



[60 <./Circuits/Rectifiers_Board_rotated.pdf, page is rotated 270 degrees>]
<Imm/Top2D.png, id=2708, 1093.08376pt x 659.46375pt>
File: Imm/Top2D.png Graphic file (type png)
<use Imm/Top2D.png>
Package pdftex.def Info: Imm/Top2D.png  used on input line 76.
(pdftex.def)             Requested size: 383.03122pt x 231.08745pt.
<Imm/Bottom2D.png, id=2709, 1090.82532pt x 657.2053pt>
File: Imm/Bottom2D.png Graphic file (type png)
<use Imm/Bottom2D.png>
Package pdftex.def Info: Imm/Bottom2D.png  used on input line 81.
(pdftex.def)             Requested size: 383.03122pt x 230.76738pt.

Underfull \vbox (badness 10000) has occurred while \output is active []



[61 <./Circuits/Rectifiers_Board_rotated.pdf, page is rotated 270 degrees>]
Underfull \vbox (badness 10000) has occurred while \output is active []



[62 <./Imm/Top2D.png> <./Imm/Bottom2D.png>]
<imm/Soldering.jpg, id=2733, 908.6748pt x 600.8046pt>
File: imm/Soldering.jpg Graphic file (type jpg)
<use imm/Soldering.jpg>
Package pdftex.def Info: imm/Soldering.jpg  used on input line 96.
(pdftex.def)             Requested size: 229.82106pt x 151.95177pt.
<Circuits/3Dmodel/Top3D.png, id=2734, 1053.9375pt x 636.12656pt>
File: Circuits/3Dmodel/Top3D.png Graphic file (type png)
<use Circuits/3Dmodel/Top3D.png>
Package pdftex.def Info: Circuits/3Dmodel/Top3D.png  used on input line 104.
(pdftex.def)             Requested size: 383.03122pt x 231.18935pt.
<Circuits/3Dmodel/Bottom3D.png, id=2735, 1051.67906pt x 635.37375pt>
File: Circuits/3Dmodel/Bottom3D.png Graphic file (type png)
<use Circuits/3Dmodel/Bottom3D.png>
Package pdftex.def Info: Circuits/3Dmodel/Bottom3D.png  used on input line 109.

(pdftex.def)             Requested size: 383.03122pt x 231.41019pt.


LaTeX Warning: `!h' float specifier changed to `!ht'.

) (chapters/MeasurementSetup.tex

[63 <./imm/Soldering.jpg>]

[64 <./Circuits/3Dmodel/Top3D.png> <./Circuits/3Dmodel/Bottom3D.png>]
Chapter 6.

Underfull \hbox (badness 10000) in paragraph at lines 1--1
[]\T1/zpltlf/b/n/24.88 Experimental Mea-sure-ment
 []



[65


]
<imm/Setup.jpg, id=2760, 970.827pt x 572.8602pt>
File: imm/Setup.jpg Graphic file (type jpg)
<use imm/Setup.jpg>
Package pdftex.def Info: imm/Setup.jpg  used on input line 26.
(pdftex.def)             Requested size: 306.42613pt x 180.8103pt.
<imm/Saleae.jpg, id=2762, 1204.5pt x 1204.5pt>
File: imm/Saleae.jpg Graphic file (type jpg)
<use imm/Saleae.jpg>
Package pdftex.def Info: imm/Saleae.jpg  used on input line 38.
(pdftex.def)             Requested size: 172.36287pt x 172.35982pt.


LaTeX Warning: `!h' float specifier changed to `!ht'.



[66 <./imm/Setup.jpg>]

[67 <./imm/Saleae.jpg>]
<imm/Curr_sens.jpg, id=2780, 579.1236pt x 579.1236pt>
File: imm/Curr_sens.jpg Graphic file (type jpg)
<use imm/Curr_sens.jpg>
Package pdftex.def Info: imm/Curr_sens.jpg  used on input line 59.
(pdftex.def)             Requested size: 210.66833pt x 210.66699pt.

Overfull \hbox (10.55925pt too wide) in paragraph at lines 64--65
[]\T1/zpltlf/m/n/10.95 The INA senses the two shunt ter-mi-nals dif-fer-en-tial
ly, with high in-put impedance
 []


Underfull \vbox (badness 10000) has occurred while \output is active []



[68 <./imm/Curr_sens.jpg>]
<Plots/Curr_sens.pdf, id=2792, 373.395pt x 307.1475pt>
File: Plots/Curr_sens.pdf Graphic file (type pdf)
<use Plots/Curr_sens.pdf>
Package pdftex.def Info: Plots/Curr_sens.pdf  used on input line 86.
(pdftex.def)             Requested size: 268.12068pt x 220.56018pt.


[69 <./Plots/Curr_sens.pdf>]

[70]
<Plots/Res_Prob.pdf, id=2837, 383.4325pt x 295.1025pt>
File: Plots/Res_Prob.pdf Graphic file (type pdf)
<use Plots/Res_Prob.pdf>
Package pdftex.def Info: Plots/Res_Prob.pdf  used on input line 119.
(pdftex.def)             Requested size: 306.42613pt x 235.84814pt.


LaTeX Warning: `!h' float specifier changed to `!ht'.

<imm/Load.jpg, id=2839, 745.5855pt x 334.6101pt>
File: imm/Load.jpg Graphic file (type jpg)
<use imm/Load.jpg>
Package pdftex.def Info: imm/Load.jpg  used on input line 131.
(pdftex.def)             Requested size: 306.42613pt x 137.5229pt.

LaTeX Warning: `!h' float specifier changed to `!ht'.

) (chapters/Measurements.tex

[71]

[72 <./Plots/Res_Prob.pdf> <./imm/Load.jpg>]
Chapter 7.

Underfull \hbox (badness 10000) in paragraph at lines 1--1
[]\T1/zpltlf/b/n/24.88 Experimental Mea-sure-ment Re-
 []


Package hyperref Warning: Token not allowed in a PDF string (Unicode):
(hyperref)                removing `math shift' on input line 17.


Package hyperref Warning: Token not allowed in a PDF string (Unicode):
(hyperref)                removing `subscript' on input line 17.


Package hyperref Warning: Token not allowed in a PDF string (Unicode):
(hyperref)                removing `math shift' on input line 17.


Underfull \vbox (badness 10000) has occurred while \output is active []



[73


]
<Measure/Y/Cs_comp.pdf, id=2924, 360.34625pt x 338.26375pt>
File: Measure/Y/Cs_comp.pdf Graphic file (type pdf)
<use Measure/Y/Cs_comp.pdf>
Package pdftex.def Info: Measure/Y/Cs_comp.pdf  used on input line 23.
(pdftex.def)             Requested size: 268.12068pt x 251.68936pt.


Package hyperref Warning: Token not allowed in a PDF string (Unicode):
(hyperref)                removing `math shift' on input line 28.


Package hyperref Warning: Token not allowed in a PDF string (Unicode):
(hyperref)                removing `subscript' on input line 28.


Package hyperref Warning: Token not allowed in a PDF string (Unicode):
(hyperref)                removing `math shift' on input line 28.


Underfull \vbox (badness 10000) has occurred while \output is active []



[74 <./Measure/Y/Cs_comp.pdf>]
<Measure/Y/Rs_comp.pdf, id=2970, 373.395pt x 338.26375pt>
File: Measure/Y/Rs_comp.pdf Graphic file (type pdf)
<use Measure/Y/Rs_comp.pdf>
Package pdftex.def Info: Measure/Y/Rs_comp.pdf  used on input line 36.
(pdftex.def)             Requested size: 268.12068pt x 242.90451pt.
<Measure/Y/Rs_tot.pdf, id=2971, 370.38374pt x 338.26375pt>
File: Measure/Y/Rs_tot.pdf Graphic file (type pdf)
<use Measure/Y/Rs_tot.pdf>
Package pdftex.def Info: Measure/Y/Rs_tot.pdf  used on input line 43.
(pdftex.def)             Requested size: 268.12068pt x 244.87103pt.


LaTeX Warning: `!h' float specifier changed to `!ht'.



[75 <./Measure/Y/Rs_comp.pdf>]
<Measure/Y/Fs_1.pdf, id=3023, 373.395pt x 337.26pt>
File: Measure/Y/Fs_1.pdf Graphic file (type pdf)
<use Measure/Y/Fs_1.pdf>
Package pdftex.def Info: Measure/Y/Fs_1.pdf  used on input line 54.
(pdftex.def)             Requested size: 268.12068pt x 242.18373pt.


LaTeX Warning: `!h' float specifier changed to `!ht'.

<Measure/Y/Fs_2.pdf, id=3024, 373.395pt x 337.26pt>
File: Measure/Y/Fs_2.pdf Graphic file (type pdf)
<use Measure/Y/Fs_2.pdf>
Package pdftex.def Info: Measure/Y/Fs_2.pdf  used on input line 61.
(pdftex.def)             Requested size: 268.12068pt x 242.18373pt.

LaTeX Warning: `!h' float specifier changed to `!ht'.

<Measure/Y/Fs_tot.pdf, id=3026, 373.395pt x 337.26pt>
File: Measure/Y/Fs_tot.pdf Graphic file (type pdf)
<use Measure/Y/Fs_tot.pdf>
Package pdftex.def Info: Measure/Y/Fs_tot.pdf  used on input line 70.
(pdftex.def)             Requested size: 268.12068pt x 242.18373pt.


[76 <./Measure/Y/Rs_tot.pdf>]

LaTeX Warning: `!h' float specifier changed to `!ht'.


Overfull \hbox (8.32115pt too wide) in paragraph at lines 77--78
\T1/zpltlf/m/n/10.95 Figures [][]7.7[][] and [][]7.8[][] show the rec-ti-fier e
f-fi-ciency $\OML/cmm/m/it/10.95 ^^Q[] \OT1/cmr/m/n/10.95 = \OML/cmm/m/it/10.95
 P[]=P[]$ \T1/zpltlf/m/n/10.95 of each individually-
 []

<Measure/Y/Eff_1.pdf, id=3072, 379.4175pt x 337.26pt>
File: Measure/Y/Eff_1.pdf Graphic file (type pdf)
<use Measure/Y/Eff_1.pdf>
Package pdftex.def Info: Measure/Y/Eff_1.pdf  used on input line 81.
(pdftex.def)             Requested size: 248.96794pt x 221.30574pt.

LaTeX Warning: `!h' float specifier changed to `!ht'.

<Measure/Y/Eff_2.pdf, id=3073, 379.4175pt x 337.26pt>
File: Measure/Y/Eff_2.pdf Graphic file (type pdf)
<use Measure/Y/Eff_2.pdf>
Package pdftex.def Info: Measure/Y/Eff_2.pdf  used on input line 88.
(pdftex.def)             Requested size: 248.96794pt x 221.30574pt.

LaTeX Warning: `!h' float specifier changed to `!ht'.



[77 <./Measure/Y/Fs_1.pdf>]

[78 <./Measure/Y/Fs_2.pdf> <./Measure/Y/Fs_tot.pdf>]

[79 <./Measure/Y/Eff_1.pdf> <./Measure/Y/Eff_2.pdf>]

Package hyperref Warning: Token not allowed in a PDF string (Unicode):
(hyperref)                removing `math shift' on input line 97.


Package hyperref Warning: Token not allowed in a PDF string (Unicode):
(hyperref)                removing `subscript' on input line 97.


Package hyperref Warning: Token not allowed in a PDF string (Unicode):
(hyperref)                removing `math shift' on input line 97.

<Measure/D/Cs_comp.pdf, id=3270, 363.3575pt x 338.26375pt>
File: Measure/D/Cs_comp.pdf Graphic file (type pdf)
<use Measure/D/Cs_comp.pdf>
Package pdftex.def Info: Measure/D/Cs_comp.pdf  used on input line 103.
(pdftex.def)             Requested size: 268.12068pt x 249.60928pt.

Package hyperref Warning: Token not allowed in a PDF string (Unicode):
(hyperref)                removing `math shift' on input line 108.


Package hyperref Warning: Token not allowed in a PDF string (Unicode):
(hyperref)                removing `subscript' on input line 108.


Package hyperref Warning: Token not allowed in a PDF string (Unicode):
(hyperref)                removing `math shift' on input line 108.



[80

 <./Measure/D/Cs_comp.pdf>]
<Measure/D/Rs_comp.pdf, id=3317, 367.3725pt x 338.26375pt>
File: Measure/D/Rs_comp.pdf Graphic file (type pdf)
<use Measure/D/Rs_comp.pdf>
Package pdftex.def Info: Measure/D/Rs_comp.pdf  used on input line 116.
(pdftex.def)             Requested size: 268.12068pt x 246.89433pt.
<Measure/D/Rs_tot.pdf, id=3318, 370.38374pt x 338.26375pt>
File: Measure/D/Rs_tot.pdf Graphic file (type pdf)
<use Measure/D/Rs_tot.pdf>
Package pdftex.def Info: Measure/D/Rs_tot.pdf  used on input line 123.
(pdftex.def)             Requested size: 268.12068pt x 244.87103pt.


LaTeX Warning: `!h' float specifier changed to `!ht'.

<Measure/D/Fs_1.pdf, id=3321, 373.395pt x 337.26pt>
File: Measure/D/Fs_1.pdf Graphic file (type pdf)
<use Measure/D/Fs_1.pdf>
Package pdftex.def Info: Measure/D/Fs_1.pdf  used on input line 134.
(pdftex.def)             Requested size: 268.12068pt x 242.18373pt.

LaTeX Warning: `!h' float specifier changed to `!ht'.

<Measure/D/Fs_2.pdf, id=3322, 373.395pt x 337.26pt>
File: Measure/D/Fs_2.pdf Graphic file (type pdf)
<use Measure/D/Fs_2.pdf>
Package pdftex.def Info: Measure/D/Fs_2.pdf  used on input line 141.
(pdftex.def)             Requested size: 268.12068pt x 242.18373pt.

LaTeX Warning: `!h' float specifier changed to `!ht'.

<Measure/D/Fs_tot.pdf, id=3324, 373.395pt x 337.26pt>
File: Measure/D/Fs_tot.pdf Graphic file (type pdf)
<use Measure/D/Fs_tot.pdf>
Package pdftex.def Info: Measure/D/Fs_tot.pdf  used on input line 150.
(pdftex.def)             Requested size: 268.12068pt x 242.18373pt.


[81 <./Measure/D/Rs_comp.pdf>]

LaTeX Warning: `!h' float specifier changed to `!ht'.

<Measure/D/Eff_1.pdf, id=3370, 379.4175pt x 337.26pt>
File: Measure/D/Eff_1.pdf Graphic file (type pdf)
<use Measure/D/Eff_1.pdf>
Package pdftex.def Info: Measure/D/Eff_1.pdf  used on input line 161.
(pdftex.def)             Requested size: 248.96794pt x 221.30574pt.

LaTeX Warning: `!h' float specifier changed to `!ht'.

<Measure/D/Eff_2.pdf, id=3371, 379.4175pt x 337.26pt>
File: Measure/D/Eff_2.pdf Graphic file (type pdf)
<use Measure/D/Eff_2.pdf>
Package pdftex.def Info: Measure/D/Eff_2.pdf  used on input line 168.
(pdftex.def)             Requested size: 248.96794pt x 221.30574pt.

LaTeX Warning: `!h' float specifier changed to `!ht'.



[82 <./Measure/D/Rs_tot.pdf>]

[83 <./Measure/D/Fs_1.pdf> <./Measure/D/Fs_2.pdf>]

[84 <./Measure/D/Fs_tot.pdf> <./Measure/D/Eff_1.pdf>]

[85 <./Measure/D/Eff_2.pdf>]

Package hyperref Warning: Token not allowed in a PDF string (Unicode):
(hyperref)                removing `math shift' on input line 177.


Package hyperref Warning: Token not allowed in a PDF string (Unicode):
(hyperref)                removing `subscript' on input line 177.


Package hyperref Warning: Token not allowed in a PDF string (Unicode):
(hyperref)                removing `math shift' on input line 177.

<Measure/NVC/Cs_comp.pdf, id=3613, 360.34625pt x 338.26375pt>
File: Measure/NVC/Cs_comp.pdf Graphic file (type pdf)
<use Measure/NVC/Cs_comp.pdf>
Package pdftex.def Info: Measure/NVC/Cs_comp.pdf  used on input line 184.
(pdftex.def)             Requested size: 268.12068pt x 251.68936pt.

Package hyperref Warning: Token not allowed in a PDF string (Unicode):
(hyperref)                removing `math shift' on input line 189.


Package hyperref Warning: Token not allowed in a PDF string (Unicode):
(hyperref)                removing `subscript' on input line 189.


Package hyperref Warning: Token not allowed in a PDF string (Unicode):
(hyperref)                removing `math shift' on input line 189.



[86

 <./Measure/NVC/Cs_comp.pdf>]
<Measure/NVC/Rs_comp.pdf, id=3658, 364.36125pt x 338.26375pt>
File: Measure/NVC/Rs_comp.pdf Graphic file (type pdf)
<use Measure/NVC/Rs_comp.pdf>
Package pdftex.def Info: Measure/NVC/Rs_comp.pdf  used on input line 196.
(pdftex.def)             Requested size: 268.12068pt x 248.9228pt.
<Measure/NVC/Rs_tot.pdf, id=3659, 373.395pt x 338.26375pt>
File: Measure/NVC/Rs_tot.pdf Graphic file (type pdf)
<use Measure/NVC/Rs_tot.pdf>
Package pdftex.def Info: Measure/NVC/Rs_tot.pdf  used on input line 203.
(pdftex.def)             Requested size: 268.12068pt x 242.90451pt.


LaTeX Warning: `!h' float specifier changed to `!ht'.



[87 <./Measure/NVC/Rs_comp.pdf>]
<Measure/NVC/Fs_1.pdf, id=3706, 373.395pt x 337.26pt>
File: Measure/NVC/Fs_1.pdf Graphic file (type pdf)
<use Measure/NVC/Fs_1.pdf>
Package pdftex.def Info: Measure/NVC/Fs_1.pdf  used on input line 215.
(pdftex.def)             Requested size: 268.12068pt x 242.18373pt.


LaTeX Warning: `!h' float specifier changed to `!ht'.

<Measure/NVC/Fs_2.pdf, id=3707, 373.395pt x 337.26pt>
File: Measure/NVC/Fs_2.pdf Graphic file (type pdf)
<use Measure/NVC/Fs_2.pdf>
Package pdftex.def Info: Measure/NVC/Fs_2.pdf  used on input line 222.
(pdftex.def)             Requested size: 268.12068pt x 242.18373pt.

LaTeX Warning: `!h' float specifier changed to `!ht'.

<Measure/NVC/Fs_3.pdf, id=3708, 373.395pt x 337.26pt>
File: Measure/NVC/Fs_3.pdf Graphic file (type pdf)
<use Measure/NVC/Fs_3.pdf>
Package pdftex.def Info: Measure/NVC/Fs_3.pdf  used on input line 229.
(pdftex.def)             Requested size: 268.12068pt x 242.18373pt.

LaTeX Warning: `!h' float specifier changed to `!ht'.

<Measure/NVC/Fs_tot.pdf, id=3710, 373.395pt x 337.26pt>
File: Measure/NVC/Fs_tot.pdf Graphic file (type pdf)
<use Measure/NVC/Fs_tot.pdf>
Package pdftex.def Info: Measure/NVC/Fs_tot.pdf  used on input line 238.
(pdftex.def)             Requested size: 268.12068pt x 242.18373pt.

LaTeX Warning: `!h' float specifier changed to `!ht'.



[88 <./Measure/NVC/Rs_tot.pdf>]

LaTeX Warning: Text page 89 contains only floats.



[89 <./Measure/NVC/Fs_1.pdf> <./Measure/NVC/Fs_2.pdf>]
<Measure/NVC/Eff_tot.pdf, id=3832, 379.4175pt x 337.26pt>
File: Measure/NVC/Eff_tot.pdf Graphic file (type pdf)
<use Measure/NVC/Eff_tot.pdf>
Package pdftex.def Info: Measure/NVC/Eff_tot.pdf  used on input line 250.
(pdftex.def)             Requested size: 248.96794pt x 221.30574pt.


LaTeX Warning: `!h' float specifier changed to `!ht'.



[90 <./Measure/NVC/Fs_3.pdf>]

LaTeX Warning: Text page 91 contains only floats.


Overfull \vbox (0.84392pt too high) has occurred while \output is active []



[91 <./Measure/NVC/Fs_tot.pdf> <./Measure/NVC/Eff_tot.pdf>])
(chapters/SimMeasComparison.tex

[92]
Chapter 8.

Underfull \hbox (badness 10000) in paragraph at lines 1--1
[]\T1/zpltlf/b/n/24.88 Simulation and Mea-sure-ment
 []


Underfull \vbox (badness 10000) has occurred while \output is active []



[93


]

[94]

[95]

[96])

[97]

[98


] (main.gls) (main.acr

[99])

[100]
LaTeX Font Info:    Trying to load font information for T1+npxtt on input line 
123.
 (C:\Users\jacop\AppData\Local\Programs\MiKTeX\tex/latex/newpx\t1npxtt.fd
File: t1npxtt.fd 2000/12/14 v1.0
)
LaTeX Font Info:    Font shape `T1/npxtt/m/n' will be
(Font)              scaled to size 10.95pt on input line 123.

Overfull \hbox (10.44496pt too wide) in paragraph at lines 123--123
\T1/npxtt/m/n/10.95 elsevier . com / retrieve / pii / S2211285512000481$[][] \T
1/zpltlf/m/n/10.95 (vis-ited on 04/30/2026). 
 []



[101




]

[102]

[103]

[104


] (docs/acknowledgments.tex)

[105


]

[106] (main.aux)
 ***********
LaTeX2e <2025-06-01> patch level 1
L3 programming layer <2020/03/25>
 ***********
Package rerunfilecheck Info: File `main.out' has not changed.
(rerunfilecheck)             Checksum: DE23E3815BFF2E295E127A0E1A52214C;16554.
Package logreq Info: Writing requests to 'main.run.xml'.
\openout1 = `main.run.xml'.

 ) 
Here is how much of TeX's memory you used:
 82717 strings out of 468130
 1872626 string characters out of 5430633
 2940116 words of memory out of 5000000
 109704 multiletter control sequences out of 15000+600000
 701807 words of font info for 119 fonts, out of 8000000 for 9000
 1141 hyphenation exceptions out of 8191
 123i,19n,131p,2512b,3982s stack positions out of 10000i,1000n,20000p,200000b,200000s
<C:/Users/jacop/AppData/Local/Programs/MiKTeX/fonts/type1/public/amsfonts/cm/
cmex10.pfb><C:/Users/jacop/AppData/Local/Programs/MiKTeX/fonts/type1/public/ams
fonts/cm/cmmi10.pfb><C:/Users/jacop/AppData/Local/Programs/MiKTeX/fonts/type1/p
ublic/amsfonts/cm/cmmi12.pfb><C:/Users/jacop/AppData/Local/Programs/MiKTeX/font
s/type1/public/amsfonts/cm/cmmi6.pfb><C:/Users/jacop/AppData/Local/Programs/MiK
TeX/fonts/type1/public/amsfonts/cm/cmmi7.pfb><C:/Users/jacop/AppData/Local/Prog
rams/MiKTeX/fonts/type1/public/amsfonts/cm/cmmi8.pfb><C:/Users/jacop/AppData/Lo
cal/Programs/MiKTeX/fonts/type1/public/amsfonts/cm/cmr10.pfb><C:/Users/jacop/Ap
pData/Local/Programs/MiKTeX/fonts/type1/public/amsfonts/cm/cmr8.pfb><C:/Users/j
acop/AppData/Local/Programs/MiKTeX/fonts/type1/public/amsfonts/cm/cmr9.pfb><C:/
Users/jacop/AppData/Local/Programs/MiKTeX/fonts/type1/public/amsfonts/cm/cmsy10
.pfb><C:/Users/jacop/AppData/Local/Programs/MiKTeX/fonts/type1/public/amsfonts/
cm/cmsy7.pfb><C:/Users/jacop/AppData/Local/Programs/MiKTeX/fonts/type1/public/a
msfonts/cm/cmsy8.pfb><C:/Users/jacop/AppData/Local/Programs/MiKTeX/fonts/type1/
public/rsfs/rsfs10.pfb><C:/Users/jacop/AppData/Local/Programs/MiKTeX/fonts/type
1/public/txfonts/t1xtt.pfb><C:/Users/jacop/AppData/Local/Programs/MiKTeX/fonts/
type1/urw/times/utmb8a.pfb><C:/Users/jacop/AppData/Local/Programs/MiKTeX/fonts/
type1/urw/times/utmr8a.pfb><C:/Users/jacop/AppData/Local/Programs/MiKTeX/fonts/
type1/urw/times/utmri8a.pfb><C:/Users/jacop/AppData/Local/Programs/MiKTeX/fonts
/type1/public/newpx/zplb.pfb><C:/Users/jacop/AppData/Local/Programs/MiKTeX/font
s/type1/public/newpx/zplr.pfb><C:/Users/jacop/AppData/Local/Programs/MiKTeX/fon
ts/type1/public/newpx/zplri.pfb>
Output written on main.pdf (118 pages, 12505860 bytes).
PDF statistics:
 4284 PDF objects out of 4296 (max. 8388607)
 376 named destinations out of 1000 (max. 500000)
 1335 words of extra memory for PDF output out of 10000 (max. 10000000)

